,STORE,Hval_150,WEEK,OUNCES,UPC_X,deal_X,feat_X,oz_X,pack_X,UPC_Y,deal_Y,feat_Y,oz_Y,pack_Y,pX,pY,cx,cY,class
,1,0.09001,101,72,4900000057,1,0,13032,181,1200000044,0,0,2088,29,0.025,0.028,0.021,0.022,organic
,1,0.09001,102,72,4900000057,0,1,3384,47,1200000044,0,0,3960,55,0.028,0.030,0.023,0.025,organic
,1,0.09001,103,72,4900000057,0,0,2088,29,1200000044,0,1,19296,268,0.030,0.028,0.025,0.022,organic
,1,0.09001,104,72,4900000057,1,1,35064,487,1200000044,0,0,576,8,0.021,0.030,0.017,0.025,organic
,1,0.09001,105,72,4900000057,1,1,26640,370,1200000044,0,0,3312,46,0.022,0.028,0.018,0.022,organic
,1,0.09001,106,72,4900000057,0,0,2304,32,1200000044,0,0,1800,25,0.030,0.030,0.025,0.024,organic
,1,0.09001,107,72,4900000057,0,0,1800,25,1200000044,1,0,14904,207,0.030,0.023,0.025,0.019,organic
,1,0.09001,108,72,4900000057,0,0,2592,36,1200000044,0,1,8496,118,0.030,0.028,0.025,0.022,organic
,1,0.09001,109,72,4900000057,0,0,2520,35,1200000044,0,0,2664,37,0.030,0.030,0.025,0.025,organic
,1,0.09001,110,72,4900000057,0,0,1728,24,1200000044,1,0,13104,182,0.030,0.023,0.025,0.019,organic
,1,0.09001,111,72,4900000057,0,0,2376,33,1200000044,0,0,7200,100,0.030,0.030,0.025,0.025,organic
,1,0.09001,112,72,4900000057,0,1,5832,81,1200000044,1,1,20520,285,0.030,0.023,0.025,0.019,organic
,1,0.09001,113,72,4900000057,0,0,2448,34,1200000044,0,0,2016,28,0.030,0.030,0.025,0.025,organic
,1,0.09001,114,72,4900000057,0,0,2592,36,1200000044,0,0,1080,15,0.030,0.030,0.025,0.025,organic
,1,0.09001,115,72,4900000057,0,0,2376,33,1200000044,0,1,8784,122,0.030,0.028,0.025,0.022,organic
,1,0.09001,116,72,4900000057,0,0,2808,39,1200000044,0,0,1224,17,0.028,0.030,0.023,0.025,organic
,1,0.09001,117,72,4900000057,0,1,6264,87,1200000044,0,0,5184,72,0.030,0.028,0.025,0.022,organic
,1,0.09001,118,72,4900000057,0,1,4824,67,1200000044,1,0,16416,228,0.030,0.023,0.025,0.019,organic
,1,0.09001,119,72,4900000057,0,0,2520,35,1200000044,0,0,3816,53,0.028,0.030,0.023,0.025,organic
,1,0.09001,120,72,4900000057,1,1,24264,337,1200000044,0,0,7416,103,0.022,0.030,0.018,0.024,organic
,1,0.09001,121,72,4900000057,0,0,2520,35,1200000044,0,0,1800,25,0.030,0.030,0.025,0.024,organic
,1,0.09001,122,72,4900000057,1,1,22896,318,1200000044,1,1,30168,419,0.022,0.023,0.018,0.019,organic
,1,0.09001,123,72,4900000057,1,1,31824,442,1200000044,0,0,6480,90,0.022,0.030,0.018,0.025,organic
,1,0.09001,124,72,4900000057,0,0,2376,33,1200000044,1,1,33552,466,0.028,0.021,0.023,0.017,organic
,1,0.09001,125,72,4900000057,1,1,20808,289,1200000044,1,1,30888,429,0.022,0.023,0.018,0.019,organic
,1,0.09001,126,72,4900000057,0,0,2304,32,1200000044,0,0,1512,21,0.030,0.030,0.025,0.025,organic
,1,0.09001,127,72,4900000057,0,1,3240,45,1200000044,0,0,576,8,0.030,0.030,0.025,0.025,organic
,1,0.09001,128,72,4900000057,0,0,2592,36,1200000044,0,1,15984,222,0.028,0.030,0.023,0.025,organic
,1,0.09001,129,72,4900000057,0,0,2448,34,1200000044,0,0,1296,18,0.030,0.030,0.025,0.025,organic
,1,0.09001,130,72,4900000057,0,1,3384,47,1200000044,0,0,2592,36,0.028,0.030,0.023,0.024,organic
,1,0.09001,131,72,4900000057,0,0,2160,30,1200000044,0,0,2448,34,0.030,0.028,0.025,0.022,organic
,1,0.09001,132,72,4900000057,1,1,25776,358,1200000044,0,1,11232,156,0.023,0.030,0.019,0.025,organic
,1,0.09001,133,72,4900000057,1,0,14616,203,1200000044,0,0,288,4,0.025,0.030,0.021,0.024,organic
,1,0.09001,134,72,4900000057,0,0,2232,31,1200000044,0,1,50904,707,0.030,0.028,0.025,0.022,organic
,1,0.09001,135,72,4900000057,0,0,2160,30,1200000044,0,1,10584,147,0.030,0.028,0.025,0.022,organic
,1,0.09001,136,72,4900000057,0,0,2016,28,1200000044,0,0,7344,102,0.030,0.028,0.025,0.022,organic
,1,0.09001,137,72,4900000057,0,1,3024,42,1200000044,0,1,8280,115,0.028,0.030,0.023,0.025,organic
,1,0.09001,138,72,4900000057,0,0,2232,31,1200000044,0,0,2808,39,0.030,0.030,0.025,0.025,organic
,1,0.09001,139,72,4900000057,0,1,3456,48,1200000044,0,0,3744,52,0.028,0.030,0.023,0.025,organic
,1,0.09001,140,72,4900000057,0,0,2520,35,1200000044,0,0,1800,25,0.030,0.030,0.025,0.025,organic
,1,0.09001,141,72,4900000057,0,0,2304,32,1200000044,0,0,936,13,0.030,0.028,0.025,0.022,organic
,1,0.09001,142,72,4900000057,0,0,2448,34,1200000044,0,1,8136,113,0.030,0.030,0.025,0.025,organic
,1,0.09001,143,72,4900000057,0,1,3600,50,1200000044,0,0,1656,23,0.028,0.030,0.023,0.025,organic
,1,0.09001,144,72,4900000057,1,1,29160,405,1200000044,0,0,2088,29,0.022,0.028,0.018,0.022,organic
,1,0.09001,145,72,4900000057,0,0,2016,28,1200000044,0,0,864,12,0.030,0.028,0.025,0.022,organic
,1,0.09001,146,72,4900000057,1,1,32976,458,1200000044,0,0,7488,104,0.021,0.028,0.017,0.022,organic
,1,0.09001,147,72,4900000057,0,0,2016,28,1200000044,0,0,4896,68,0.030,0.030,0.025,0.025,organic
,1,0.09001,148,72,4900000057,0,0,2952,41,1200000044,0,0,4824,67,0.028,0.030,0.023,0.025,organic
,1,0.09001,149,72,4900000057,0,0,2160,30,1200000044,0,0,3528,49,0.030,0.030,0.025,0.025,organic
,1,0.09001,150,72,4900000057,1,1,26280,365,1200000044,0,0,936,13,0.023,0.028,0.019,0.022,organic
,1,0.09001,151,72,4900000057,0,1,3168,44,1200000044,1,0,12096,168,0.028,0.023,0.023,0.019,organic
,1,0.09001,152,72,4900000057,0,0,2448,34,1200000044,0,0,3312,46,0.028,0.030,0.023,0.025,organic
,1,0.09001,101,72,4900000636,0,0,2160,30,1200000281,0,0,2304,32,0.030,0.028,0.025,0.022,nonorganic
,1,0.09001,102,72,4900000636,0,0,2016,28,1200000281,0,0,6264,87,0.030,0.028,0.025,0.022,nonorganic
,1,0.09001,103,72,4900000636,0,0,2232,31,1200000281,0,0,2160,30,0.028,0.030,0.023,0.025,nonorganic
,1,0.09001,104,72,4900000636,0,0,2160,30,1200000281,0,0,6192,86,0.030,0.030,0.025,0.025,nonorganic
,1,0.09001,105,72,4900000636,0,0,3024,42,1200000281,0,0,792,11,0.028,0.030,0.023,0.025,nonorganic
,1,0.09001,106,72,4900000636,0,0,1584,22,1200000281,1,1,94968,1319,0.030,0.021,0.025,0.017,nonorganic
,1,0.09001,107,72,4900000636,0,1,3096,43,1200000281,0,0,4680,65,0.028,0.030,0.023,0.025,nonorganic
,1,0.09001,108,72,4900000636,0,0,2016,28,1200000281,0,1,7920,110,0.030,0.030,0.025,0.025,nonorganic
,1,0.09001,109,72,4900000636,0,0,2232,31,1200000281,0,0,936,13,0.028,0.028,0.023,0.022,nonorganic
,1,0.09001,110,72,4900000636,0,0,2088,29,1200000281,0,0,3456,48,0.030,0.030,0.025,0.025,nonorganic
,1,0.09001,111,72,4900000636,0,1,3816,53,1200000281,0,0,216,3,0.028,0.039,0.023,0.031,nonorganic
,1,0.09001,112,72,4900000636,0,0,2376,33,1200000281,1,0,16560,230,0.030,0.023,0.025,0.019,nonorganic
,1,0.09001,113,72,4900000636,0,1,3744,52,1200000281,0,0,1152,16,0.028,0.039,0.023,0.031,nonorganic
,1,0.09001,114,72,4900000636,0,1,3888,54,1200000281,0,0,5976,83,0.028,0.030,0.023,0.025,nonorganic
,1,0.09001,115,72,4900000636,0,0,2160,30,1200000281,1,1,20304,282,0.030,0.021,0.025,0.017,nonorganic
,1,0.09001,116,72,4900000636,1,1,29592,411,1200000281,0,0,792,11,0.022,0.030,0.018,0.025,nonorganic
,1,0.09001,117,72,4900000636,0,0,2376,33,1200000281,0,0,6408,89,0.030,0.030,0.025,0.025,nonorganic
,1,0.09001,118,72,4900000636,0,0,2304,32,1200000281,0,0,2736,38,0.030,0.030,0.025,0.024,nonorganic
,1,0.09001,119,72,4900000636,0,0,3024,42,1200000281,0,0,1080,15,0.028,0.030,0.023,0.025,nonorganic
,1,0.09001,120,72,4900000636,0,1,3312,46,1200000281,0,0,3888,54,0.028,0.030,0.023,0.025,nonorganic
,1,0.09001,121,72,4900000636,0,0,2304,32,1200000281,0,0,4752,66,0.030,0.028,0.025,0.022,nonorganic
,1,0.09001,122,72,4900000636,0,0,2304,32,1200000281,0,0,4752,66,0.030,0.030,0.025,0.025,nonorganic
,1,0.09001,123,72,4900000636,0,0,2304,32,1200000281,1,1,33840,470,0.030,0.021,0.025,0.017,nonorganic
,1,0.09001,124,72,4900000636,0,0,2448,34,1200000281,0,0,936,13,0.030,0.030,0.025,0.025,nonorganic
,1,0.09001,125,72,4900000636,0,1,3600,50,1200000281,0,0,3960,55,0.028,0.030,0.023,0.025,nonorganic
,1,0.09001,126,72,4900000636,0,0,2016,28,1200000281,1,1,13752,191,0.030,0.023,0.025,0.019,nonorganic
,1,0.09001,127,72,4900000636,0,0,2880,40,1200000281,0,1,14472,201,0.028,0.028,0.023,0.022,nonorganic
,1,0.09001,128,72,4900000636,0,0,2592,36,1200000281,0,0,3672,51,0.028,0.028,0.023,0.022,nonorganic
,1,0.09001,129,72,4900000636,0,0,2952,41,1200000281,0,0,1512,21,0.028,0.030,0.023,0.025,nonorganic
,1,0.09001,130,72,4900000636,0,0,2952,41,1200000281,0,0,2808,39,0.028,0.030,0.023,0.025,nonorganic
,1,0.09001,131,72,4900000636,0,0,2304,32,1200000281,0,1,14112,196,0.030,0.030,0.025,0.025,nonorganic
,1,0.09001,132,72,4900000636,0,0,2664,37,1200000281,0,0,216,3,0.028,0.030,0.023,0.025,nonorganic
,1,0.09001,133,72,4900000636,0,0,2376,33,1200000281,0,0,3096,43,0.030,0.028,0.025,0.022,nonorganic
,1,0.09001,134,72,4900000636,0,0,1008,14,1200000281,0,0,3024,42,0.039,0.028,0.032,0.022,nonorganic
,1,0.09001,135,72,4900000636,0,0,2232,31,1200000281,0,1,8136,113,0.030,0.028,0.025,0.022,nonorganic
,1,0.09001,136,72,4900000636,0,0,936,13,1200000281,1,0,17496,243,0.039,0.023,0.032,0.019,nonorganic
,1,0.09001,137,72,4900000636,1,1,19512,271,1200000281,0,0,6264,87,0.025,0.030,0.021,0.025,nonorganic
,1,0.09001,138,72,4900000636,1,1,35208,489,1200000281,0,0,648,9,0.021,0.030,0.017,0.024,nonorganic
,1,0.09001,139,72,4900000636,0,0,1944,27,1200000281,1,1,36072,501,0.030,0.021,0.025,0.017,nonorganic
,1,0.09001,140,72,4900000636,0,0,2736,38,1200000281,0,0,7560,105,0.028,0.030,0.023,0.025,nonorganic
,1,0.09001,141,72,4900000636,0,0,2952,41,1200000281,0,1,14832,206,0.028,0.028,0.023,0.022,nonorganic
,1,0.09001,142,72,4900000636,0,0,2376,33,1200000281,1,1,23328,324,0.030,0.023,0.025,0.019,nonorganic
,1,0.09001,143,72,4900000636,0,1,4104,57,1200000281,0,0,216,3,0.028,0.039,0.023,0.031,nonorganic
,1,0.09001,144,72,4900000636,0,0,1800,25,1200000281,1,1,49680,690,0.030,0.021,0.025,0.017,nonorganic
,1,0.09001,145,72,4900000636,0,0,2376,33,1200000281,1,1,26136,363,0.028,0.021,0.023,0.017,nonorganic
,1,0.09001,146,72,4900000636,0,0,2376,33,1200000281,0,0,5472,76,0.030,0.030,0.025,0.024,nonorganic
,1,0.09001,147,72,4900000636,0,1,3384,47,1200000281,0,0,3168,44,0.028,0.030,0.023,0.025,nonorganic
,1,0.09001,148,72,4900000636,1,1,24408,339,1200000281,1,1,39888,554,0.022,0.023,0.018,0.019,nonorganic
,1,0.09001,149,72,4900000636,0,0,2016,28,1200000281,1,1,27216,378,0.030,0.023,0.025,0.019,nonorganic
,1,0.09001,150,72,4900000636,0,0,2448,34,1200000281,0,0,4824,67,0.030,0.030,0.025,0.025,nonorganic
,1,0.09001,151,72,4900000636,0,0,2088,29,1200000281,1,1,33408,464,0.028,0.023,0.023,0.019,nonorganic
,1,0.09001,152,72,4900000636,0,0,2592,36,1200000281,0,0,3600,50,0.028,0.030,0.023,0.025,nonorganic
,2,0.11035,101,72,4900000057,1,1,29880,415,1200000044,0,0,1080,15,0.022,0.030,0.018,0.024,organic
,2,0.11035,102,72,4900000057,1,1,25920,360,1200000044,0,0,432,6,0.022,0.030,0.018,0.024,organic
,2,0.11035,103,72,4900000057,0,0,2664,37,1200000044,0,0,1296,18,0.030,0.030,0.025,0.024,organic
,2,0.11035,104,72,4900000057,0,0,1944,27,1200000044,1,1,67536,938,0.030,0.021,0.025,0.017,organic
,2,0.11035,105,72,4900000057,0,0,2520,35,1200000044,0,0,6192,86,0.030,0.028,0.025,0.022,organic
,2,0.11035,106,72,4900000057,0,0,2304,32,1200000044,0,0,3888,54,0.030,0.030,0.025,0.025,organic
,2,0.11035,107,72,4900000057,0,0,2808,39,1200000044,0,0,6408,89,0.028,0.030,0.023,0.025,organic
,2,0.11035,108,72,4900000057,0,0,2160,30,1200000044,0,0,144,2,0.030,0.030,0.025,0.025,organic
,2,0.11035,109,72,4900000057,1,1,35784,497,1200000044,0,0,432,6,0.021,0.028,0.017,0.022,organic
,2,0.11035,110,72,4900000057,0,1,3600,50,1200000044,0,0,3744,52,0.028,0.030,0.023,0.024,organic
,2,0.11035,111,72,4900000057,1,1,24984,347,1200000044,0,0,792,11,0.022,0.030,0.018,0.024,organic
,2,0.11035,112,72,4900000057,0,0,2088,29,1200000044,0,1,13104,182,0.030,0.028,0.025,0.022,organic
,2,0.11035,113,72,4900000057,1,0,17280,240,1200000044,1,1,25056,348,0.023,0.021,0.019,0.017,organic
,2,0.11035,114,72,4900000057,0,1,3096,43,1200000044,0,0,432,6,0.028,0.030,0.023,0.025,organic
,2,0.11035,115,72,4900000057,0,0,2304,32,1200000044,0,0,2304,32,0.028,0.030,0.023,0.025,organic
,2,0.11035,116,72,4900000057,1,1,26568,369,1200000044,1,1,23328,324,0.021,0.021,0.017,0.017,organic
,2,0.11035,117,72,4900000057,0,0,2664,37,1200000044,0,1,11160,155,0.028,0.028,0.023,0.022,organic
,2,0.11035,118,72,4900000057,1,1,28728,399,1200000044,0,0,1224,17,0.022,0.028,0.018,0.022,organic
,2,0.11035,119,72,4900000057,0,0,2160,30,1200000044,1,1,31176,433,0.030,0.021,0.025,0.017,organic
,2,0.11035,120,72,4900000057,0,0,2520,35,1200000044,0,1,13176,183,0.030,0.030,0.025,0.024,organic
,2,0.11035,121,72,4900000057,1,1,26064,362,1200000044,0,0,360,5,0.022,0.028,0.018,0.022,organic
,2,0.11035,122,72,4900000057,1,1,26352,366,1200000044,1,1,14616,203,0.022,0.023,0.018,0.019,organic
,2,0.11035,123,72,4900000057,0,0,2160,30,1200000044,0,0,2880,40,0.030,0.030,0.025,0.025,organic
,2,0.11035,124,72,4900000057,0,0,2016,28,1200000044,0,0,2808,39,0.030,0.030,0.025,0.024,organic
,2,0.11035,125,72,4900000057,0,1,3240,45,1200000044,0,0,6768,94,0.028,0.039,0.023,0.031,organic
,2,0.11035,126,72,4900000057,1,1,26784,372,1200000044,0,0,1512,21,0.022,0.028,0.018,0.022,organic
,2,0.11035,127,72,4900000057,1,1,25416,353,1200000044,1,0,9216,128,0.021,0.023,0.017,0.019,organic
,2,0.11035,128,72,4900000057,0,0,2160,30,1200000044,0,0,2952,41,0.030,0.028,0.025,0.022,organic
,2,0.11035,129,72,4900000057,0,0,2736,38,1200000044,0,0,1152,16,0.028,0.030,0.023,0.025,organic
,2,0.11035,130,72,4900000057,0,0,2664,37,1200000044,0,0,5400,75,0.028,0.030,0.023,0.025,organic
,2,0.11035,131,72,4900000057,0,0,2664,37,1200000044,0,0,2304,32,0.030,0.030,0.025,0.025,organic
,2,0.11035,132,72,4900000057,0,0,2304,32,1200000044,0,0,6480,90,0.030,0.030,0.025,0.025,organic
,2,0.11035,133,72,4900000057,1,0,15768,219,1200000044,0,0,1872,26,0.025,0.028,0.021,0.022,organic
,2,0.11035,134,72,4900000057,0,0,2592,36,1200000044,0,0,4680,65,0.030,0.028,0.025,0.022,organic
,2,0.11035,135,72,4900000057,1,1,23688,329,1200000044,0,0,2376,33,0.022,0.030,0.018,0.024,organic
,2,0.11035,136,72,4900000057,0,1,6984,97,1200000044,0,1,12960,180,0.030,0.028,0.025,0.022,organic
,2,0.11035,137,72,4900000057,0,0,2232,31,1200000044,1,1,30456,423,0.030,0.021,0.025,0.017,organic
,2,0.11035,138,72,4900000057,0,0,2088,29,1200000044,0,0,2088,29,0.030,0.030,0.025,0.025,organic
,2,0.11035,139,72,4900000057,0,1,3024,42,1200000044,0,0,864,12,0.028,0.030,0.023,0.025,organic
,2,0.11035,140,72,4900000057,0,0,1152,16,1200000044,0,0,576,8,0.039,0.030,0.032,0.025,organic
,2,0.11035,141,72,4900000057,0,1,3024,42,1200000044,0,0,216,3,0.028,0.030,0.023,0.025,organic
,2,0.11035,142,72,4900000057,0,0,2376,33,1200000044,0,0,3384,47,0.030,0.028,0.025,0.022,organic
,2,0.11035,143,72,4900000057,1,1,28368,394,1200000044,0,0,1800,25,0.022,0.028,0.018,0.022,organic
,2,0.11035,144,72,4900000057,0,0,2160,30,1200000044,1,1,13176,183,0.030,0.023,0.025,0.019,organic
,2,0.11035,145,72,4900000057,0,0,2088,29,1200000044,0,0,3096,43,0.030,0.030,0.025,0.025,organic
,2,0.11035,146,72,4900000057,0,0,2160,30,1200000044,0,0,3024,42,0.030,0.028,0.025,0.022,organic
,2,0.11035,147,72,4900000057,0,0,1944,27,1200000044,1,1,44496,618,0.030,0.021,0.025,0.017,organic
,2,0.11035,148,72,4900000057,1,1,50760,705,1200000044,0,0,1368,19,0.021,0.030,0.017,0.025,organic
,2,0.11035,149,72,4900000057,0,0,1512,21,1200000044,1,0,19224,267,0.030,0.021,0.025,0.017,organic
,2,0.11035,150,72,4900000057,0,0,2664,37,1200000044,0,0,2808,39,0.030,0.030,0.025,0.025,organic
,2,0.11035,151,72,4900000057,0,0,2664,37,1200000044,0,0,2880,40,0.028,0.030,0.023,0.025,organic
,2,0.11035,152,72,4900000057,0,1,3960,55,1200000044,0,0,4608,64,0.028,0.039,0.023,0.031,organic
,2,0.11035,101,72,4900000636,0,0,2376,33,1200000281,1,1,27000,375,0.030,0.021,0.025,0.017,nonorganic
,2,0.11035,102,72,4900000636,0,0,1872,26,1200000281,1,1,13608,189,0.030,0.023,0.025,0.019,nonorganic
,2,0.11035,103,72,4900000636,0,0,2880,40,1200000281,0,0,1944,27,0.028,0.030,0.023,0.025,nonorganic
,2,0.11035,104,72,4900000636,0,0,3024,42,1200000281,0,1,11448,159,0.028,0.030,0.023,0.025,nonorganic
,2,0.11035,105,72,4900000636,1,1,22896,318,1200000281,0,0,432,6,0.022,0.030,0.018,0.025,nonorganic
,2,0.11035,106,72,4900000636,0,0,2304,32,1200000281,0,0,3600,50,0.030,0.030,0.025,0.025,nonorganic
,2,0.11035,107,72,4900000636,0,0,2232,31,1200000281,1,1,41616,578,0.030,0.023,0.025,0.019,nonorganic
,2,0.11035,108,72,4900000636,1,1,31104,432,1200000281,0,0,3960,55,0.022,0.030,0.018,0.025,nonorganic
,2,0.11035,109,72,4900000636,1,0,17352,241,1200000281,1,1,24120,335,0.022,0.021,0.018,0.017,nonorganic
,2,0.11035,110,72,4900000636,0,1,3312,46,1200000281,0,0,2160,30,0.028,0.030,0.023,0.025,nonorganic
,2,0.11035,111,72,4900000636,0,0,1944,27,1200000281,0,0,2304,32,0.030,0.030,0.025,0.025,nonorganic
,2,0.11035,112,72,4900000636,0,0,2664,37,1200000281,0,0,2088,29,0.028,0.030,0.023,0.025,nonorganic
,2,0.11035,113,72,4900000636,0,0,1800,25,1200000281,1,1,38304,532,0.030,0.021,0.025,0.017,nonorganic
,2,0.11035,114,72,4900000636,0,1,3096,43,1200000281,0,0,432,6,0.028,0.030,0.023,0.025,nonorganic
,2,0.11035,115,72,4900000636,0,0,1800,25,1200000281,1,1,44208,614,0.030,0.021,0.025,0.017,nonorganic
,2,0.11035,116,72,4900000636,0,0,2304,32,1200000281,0,0,3600,50,0.030,0.030,0.025,0.025,nonorganic
,2,0.11035,117,72,4900000636,0,0,2304,32,1200000281,0,0,2808,39,0.030,0.030,0.025,0.025,nonorganic
,2,0.11035,118,72,4900000636,1,1,26064,362,1200000281,0,0,3744,52,0.022,0.030,0.018,0.025,nonorganic
,2,0.11035,119,72,4900000636,0,0,2520,35,1200000281,1,1,32040,445,0.030,0.023,0.025,0.019,nonorganic
,2,0.11035,120,72,4900000636,0,0,2232,31,1200000281,0,0,4392,61,0.030,0.030,0.025,0.025,nonorganic
,2,0.11035,121,72,4900000636,0,0,2088,29,1200000281,0,0,2592,36,0.030,0.028,0.025,0.022,nonorganic
,2,0.11035,122,72,4900000636,1,1,29520,410,1200000281,0,1,17640,245,0.022,0.030,0.018,0.025,nonorganic
,2,0.11035,123,72,4900000636,0,0,2448,34,1200000281,0,0,6912,96,0.030,0.028,0.025,0.022,nonorganic
,2,0.11035,124,72,4900000636,0,0,2448,34,1200000281,0,0,4176,58,0.030,0.039,0.025,0.031,nonorganic
,2,0.11035,125,72,4900000636,0,0,2520,35,1200000281,0,1,15336,213,0.030,0.030,0.025,0.025,nonorganic
,2,0.11035,126,72,4900000636,0,0,2232,31,1200000281,0,0,648,9,0.030,0.030,0.025,0.025,nonorganic
,2,0.11035,127,72,4900000636,1,0,18216,253,1200000281,0,1,8784,122,0.025,0.030,0.021,0.025,nonorganic
,2,0.11035,128,72,4900000636,0,0,1656,23,1200000281,1,1,30240,420,0.030,0.023,0.025,0.019,nonorganic
,2,0.11035,129,72,4900000636,0,0,2016,28,1200000281,0,0,4248,59,0.030,0.030,0.025,0.025,nonorganic
,2,0.11035,130,72,4900000636,0,0,2016,28,1200000281,0,0,1872,26,0.030,0.030,0.025,0.025,nonorganic
,2,0.11035,131,72,4900000636,0,0,2664,37,1200000281,0,0,1440,20,0.028,0.028,0.023,0.022,nonorganic
,2,0.11035,132,72,4900000636,1,1,32328,449,1200000281,0,0,7200,100,0.022,0.030,0.018,0.025,nonorganic
,2,0.11035,133,72,4900000636,0,0,2736,38,1200000281,0,0,4752,66,0.030,0.030,0.025,0.025,nonorganic
,2,0.11035,134,72,4900000636,0,0,2376,33,1200000281,0,1,23544,327,0.030,0.030,0.025,0.025,nonorganic
,2,0.11035,135,72,4900000636,0,0,2376,33,1200000281,0,1,9360,130,0.030,0.030,0.025,0.024,nonorganic
,2,0.11035,136,72,4900000636,0,0,1872,26,1200000281,1,0,15624,217,0.030,0.023,0.025,0.019,nonorganic
,2,0.11035,137,72,4900000636,0,0,2232,31,1200000281,1,1,27288,379,0.030,0.021,0.025,0.017,nonorganic
,2,0.11035,138,72,4900000636,0,0,2880,40,1200000281,0,0,2664,37,0.028,0.030,0.023,0.025,nonorganic
,2,0.11035,139,72,4900000636,0,0,2664,37,1200000281,0,0,1440,20,0.030,0.030,0.025,0.025,nonorganic
,2,0.11035,140,72,4900000636,0,0,2016,28,1200000281,0,0,2448,34,0.030,0.028,0.025,0.022,nonorganic
,2,0.11035,141,72,4900000636,0,0,2016,28,1200000281,1,1,50400,700,0.030,0.021,0.025,0.017,nonorganic
,2,0.11035,142,72,4900000636,0,0,2160,30,1200000281,0,0,1008,14,0.030,0.028,0.025,0.022,nonorganic
,2,0.11035,143,72,4900000636,0,0,1872,26,1200000281,0,0,2520,35,0.030,0.030,0.025,0.025,nonorganic
,2,0.11035,144,72,4900000636,0,1,3600,50,1200000281,0,0,864,12,0.028,0.039,0.023,0.031,nonorganic
,2,0.11035,145,72,4900000636,0,0,2160,30,1200000281,1,1,50112,696,0.030,0.021,0.025,0.017,nonorganic
,2,0.11035,146,72,4900000636,0,0,2376,33,1200000281,0,0,5760,80,0.030,0.028,0.025,0.022,nonorganic
,2,0.11035,147,72,4900000636,0,0,2160,30,1200000281,0,0,648,9,0.030,0.030,0.025,0.025,nonorganic
,2,0.11035,148,72,4900000636,1,1,29160,405,1200000281,0,0,2232,31,0.022,0.030,0.018,0.025,nonorganic
,2,0.11035,149,72,4900000636,0,0,2376,33,1200000281,0,0,3888,54,0.030,0.030,0.025,0.025,nonorganic
,2,0.11035,150,72,4900000636,0,0,2880,40,1200000281,0,0,6480,90,0.030,0.030,0.025,0.024,nonorganic
,2,0.11035,151,72,4900000636,1,1,25416,353,1200000281,0,0,2592,36,0.022,0.028,0.018,0.022,nonorganic
,2,0.11035,152,72,4900000636,0,0,2016,28,1200000281,1,1,23400,325,0.030,0.023,0.025,0.019,nonorganic
,3,0.14174,101,72,4900000057,0,0,1944,27,1200000044,0,0,3312,46,0.030,0.028,0.025,0.022,organic
,3,0.14174,102,72,4900000057,0,0,2160,30,1200000044,1,1,68904,957,0.028,0.021,0.023,0.017,organic
,3,0.14174,103,72,4900000057,1,1,31392,436,1200000044,0,0,1368,19,0.021,0.030,0.017,0.025,organic
,3,0.14174,104,72,4900000057,0,0,1152,16,1200000044,0,0,1152,16,0.039,0.028,0.032,0.022,organic
,3,0.14174,105,72,4900000057,0,1,3096,43,1200000044,0,0,576,8,0.028,0.030,0.023,0.025,organic
,3,0.14174,106,72,4900000057,0,0,2088,29,1200000044,0,0,3672,51,0.030,0.028,0.025,0.022,organic
,3,0.14174,107,72,4900000057,1,0,15192,211,1200000044,0,1,10512,146,0.025,0.028,0.021,0.022,organic
,3,0.14174,108,72,4900000057,1,1,25848,359,1200000044,0,0,1872,26,0.023,0.030,0.019,0.025,organic
,3,0.14174,109,72,4900000057,1,1,23328,324,1200000044,0,0,1656,23,0.023,0.030,0.019,0.025,organic
,3,0.14174,110,72,4900000057,0,0,1224,17,1200000044,0,0,6696,93,0.039,0.030,0.032,0.025,organic
,3,0.14174,111,72,4900000057,1,1,21960,305,1200000044,0,0,1224,17,0.023,0.030,0.019,0.025,organic
,3,0.14174,112,72,4900000057,1,1,29376,408,1200000044,0,1,14904,207,0.022,0.030,0.018,0.024,organic
,3,0.14174,113,72,4900000057,1,1,24480,340,1200000044,0,0,6264,87,0.023,0.028,0.019,0.022,organic
,3,0.14174,114,72,4900000057,0,1,3024,42,1200000044,0,0,648,9,0.028,0.028,0.023,0.022,organic
,3,0.14174,115,72,4900000057,1,1,21960,305,1200000044,0,1,21312,296,0.023,0.030,0.019,0.025,organic
,3,0.14174,116,72,4900000057,0,1,7416,103,1200000044,0,0,1656,23,0.030,0.028,0.025,0.022,organic
,3,0.14174,117,72,4900000057,0,0,3024,42,1200000044,1,0,15336,213,0.028,0.023,0.023,0.019,organic
,3,0.14174,118,72,4900000057,0,1,6336,88,1200000044,1,1,40896,568,0.030,0.021,0.025,0.017,organic
,3,0.14174,119,72,4900000057,0,0,1224,17,1200000044,0,0,4392,61,0.039,0.030,0.032,0.025,organic
,3,0.14174,120,72,4900000057,0,0,1728,24,1200000044,1,1,21240,295,0.030,0.023,0.025,0.019,organic
,3,0.14174,121,72,4900000057,0,1,3600,50,1200000044,0,0,864,12,0.028,0.039,0.023,0.031,organic
,3,0.14174,122,72,4900000057,0,0,2088,29,1200000044,0,0,1728,24,0.030,0.030,0.025,0.024,organic
,3,0.14174,123,72,4900000057,0,1,3888,54,1200000044,0,0,1872,26,0.028,0.030,0.023,0.025,organic
,3,0.14174,124,72,4900000057,1,1,24696,343,1200000044,0,0,1080,15,0.023,0.030,0.019,0.025,organic
,3,0.14174,125,72,4900000057,1,0,16344,227,1200000044,1,1,35136,488,0.023,0.021,0.019,0.017,organic
,3,0.14174,126,72,4900000057,0,0,2448,34,1200000044,0,0,1512,21,0.030,0.030,0.025,0.025,organic
,3,0.14174,127,72,4900000057,0,0,3024,42,1200000044,0,0,1008,14,0.028,0.030,0.023,0.025,organic
,3,0.14174,128,72,4900000057,0,0,2160,30,1200000044,1,1,32688,454,0.030,0.023,0.025,0.019,organic
,3,0.14174,129,72,4900000057,0,0,2376,33,1200000044,0,0,5760,80,0.030,0.028,0.025,0.022,organic
,3,0.14174,130,72,4900000057,1,0,17064,237,1200000044,1,1,42048,584,0.022,0.021,0.018,0.017,organic
,3,0.14174,131,72,4900000057,0,0,1008,14,1200000044,0,0,2736,38,0.039,0.030,0.032,0.025,organic
,3,0.14174,132,72,4900000057,0,1,3240,45,1200000044,0,1,7704,107,0.028,0.030,0.023,0.025,organic
,3,0.14174,133,72,4900000057,0,0,2448,34,1200000044,0,0,3024,42,0.030,0.030,0.025,0.025,organic
,3,0.14174,134,72,4900000057,0,0,2664,37,1200000044,0,0,2520,35,0.028,0.030,0.023,0.024,organic
,3,0.14174,135,72,4900000057,0,0,2448,34,1200000044,0,0,3096,43,0.030,0.030,0.025,0.024,organic
,3,0.14174,136,72,4900000057,0,0,3024,42,1200000044,0,0,2808,39,0.030,0.030,0.025,0.025,organic
,3,0.14174,137,72,4900000057,1,1,23472,326,1200000044,0,1,11088,154,0.023,0.030,0.019,0.024,organic
,3,0.14174,138,72,4900000057,0,0,2160,30,1200000044,0,0,3024,42,0.030,0.028,0.025,0.022,organic
,3,0.14174,139,72,4900000057,0,0,936,13,1200000044,1,0,19728,274,0.039,0.023,0.032,0.019,organic
,3,0.14174,140,72,4900000057,0,0,2952,41,1200000044,0,0,648,9,0.028,0.030,0.023,0.025,organic
,3,0.14174,141,72,4900000057,0,0,2448,34,1200000044,0,0,3096,43,0.030,0.030,0.025,0.024,organic
,3,0.14174,142,72,4900000057,0,0,2736,38,1200000044,0,0,2664,37,0.030,0.030,0.025,0.025,organic
,3,0.14174,143,72,4900000057,0,1,3168,44,1200000044,0,0,4680,65,0.028,0.030,0.023,0.025,organic
,3,0.14174,144,72,4900000057,1,1,28152,391,1200000044,0,0,432,6,0.022,0.030,0.018,0.024,organic
,3,0.14174,145,72,4900000057,0,0,2304,32,1200000044,0,0,1440,20,0.030,0.028,0.025,0.022,organic
,3,0.14174,146,72,4900000057,0,0,2520,35,1200000044,0,0,4248,59,0.030,0.030,0.025,0.025,organic
,3,0.14174,147,72,4900000057,0,0,3024,42,1200000044,0,0,2880,40,0.030,0.030,0.025,0.025,organic
,3,0.14174,148,72,4900000057,0,0,1800,25,1200000044,1,1,49248,684,0.030,0.023,0.025,0.019,organic
,3,0.14174,149,72,4900000057,0,0,2520,35,1200000044,1,0,16992,236,0.028,0.023,0.023,0.019,organic
,3,0.14174,150,72,4900000057,0,1,3672,51,1200000044,0,0,1224,17,0.028,0.039,0.023,0.031,organic
,3,0.14174,151,72,4900000057,0,0,1296,18,1200000044,0,1,8136,113,0.039,0.028,0.032,0.022,organic
,3,0.14174,152,72,4900000057,0,0,2088,29,1200000044,0,1,18360,255,0.030,0.028,0.025,0.022,organic
,3,0.14174,101,72,4900000636,0,1,3744,52,1200000281,0,0,504,7,0.028,0.039,0.023,0.031,nonorganic
,3,0.14174,102,72,4900000636,0,0,2304,32,1200000281,0,0,3312,46,0.030,0.030,0.025,0.025,nonorganic
,3,0.14174,103,72,4900000636,1,1,27720,385,1200000281,0,0,4104,57,0.022,0.028,0.018,0.022,nonorganic
,3,0.14174,104,72,4900000636,0,0,1800,25,1200000281,1,1,14400,200,0.030,0.021,0.025,0.017,nonorganic
,3,0.14174,105,72,4900000636,0,0,2016,28,1200000281,1,1,20880,290,0.030,0.023,0.025,0.019,nonorganic
,3,0.14174,106,72,4900000636,0,0,1008,14,1200000281,1,1,21456,298,0.039,0.023,0.032,0.019,nonorganic
,3,0.14174,107,72,4900000636,0,0,936,13,1200000281,1,1,35856,498,0.039,0.023,0.032,0.019,nonorganic
,3,0.14174,108,72,4900000636,0,0,3024,42,1200000281,0,0,3744,52,0.028,0.030,0.023,0.025,nonorganic
,3,0.14174,109,72,4900000636,1,0,17352,241,1200000281,0,0,2664,37,0.025,0.028,0.021,0.022,nonorganic
,3,0.14174,110,72,4900000636,1,1,28440,395,1200000281,0,0,936,13,0.022,0.028,0.018,0.022,nonorganic
,3,0.14174,111,72,4900000636,1,1,31752,441,1200000281,0,0,360,5,0.022,0.030,0.018,0.025,nonorganic
,3,0.14174,112,72,4900000636,1,1,29016,403,1200000281,0,0,4752,66,0.022,0.030,0.018,0.024,nonorganic
,3,0.14174,113,72,4900000636,0,0,2376,33,1200000281,0,0,6408,89,0.030,0.030,0.025,0.024,nonorganic
,3,0.14174,114,72,4900000636,0,0,2448,34,1200000281,0,0,1800,25,0.030,0.030,0.025,0.025,nonorganic
,3,0.14174,115,72,4900000636,1,0,12816,178,1200000281,1,1,38016,528,0.025,0.021,0.021,0.017,nonorganic
,3,0.14174,116,72,4900000636,0,0,2232,31,1200000281,0,0,3096,43,0.030,0.030,0.025,0.024,nonorganic
,3,0.14174,117,72,4900000636,0,1,3168,44,1200000281,0,0,1440,20,0.028,0.030,0.023,0.025,nonorganic
,3,0.14174,118,72,4900000636,0,1,5400,75,1200000281,1,0,15192,211,0.030,0.023,0.025,0.019,nonorganic
,3,0.14174,119,72,4900000636,0,0,2664,37,1200000281,0,0,3816,53,0.030,0.030,0.025,0.025,nonorganic
,3,0.14174,120,72,4900000636,0,0,2304,32,1200000281,0,1,11664,162,0.030,0.030,0.025,0.024,nonorganic
,3,0.14174,121,72,4900000636,0,0,2808,39,1200000281,0,0,2016,28,0.028,0.030,0.023,0.024,nonorganic
,3,0.14174,122,72,4900000636,1,1,19800,275,1200000281,1,0,7272,101,0.022,0.023,0.018,0.019,nonorganic
,3,0.14174,123,72,4900000636,0,0,2088,29,1200000281,1,1,23832,331,0.030,0.021,0.025,0.017,nonorganic
,3,0.14174,124,72,4900000636,0,0,2016,28,1200000281,0,0,864,12,0.030,0.030,0.025,0.025,nonorganic
,3,0.14174,125,72,4900000636,1,1,27432,381,1200000281,1,1,35856,498,0.021,0.023,0.017,0.019,nonorganic
,3,0.14174,126,72,4900000636,1,1,28152,391,1200000281,0,0,3096,43,0.022,0.030,0.018,0.025,nonorganic
,3,0.14174,127,72,4900000636,0,1,6984,97,1200000281,0,0,1224,17,0.030,0.028,0.025,0.022,nonorganic
,3,0.14174,128,72,4900000636,0,0,2232,31,1200000281,0,0,5040,70,0.030,0.030,0.025,0.024,nonorganic
,3,0.14174,129,72,4900000636,0,0,2304,32,1200000281,0,1,14760,205,0.030,0.028,0.025,0.022,nonorganic
,3,0.14174,130,72,4900000636,0,0,2160,30,1200000281,1,1,41112,571,0.030,0.023,0.025,0.019,nonorganic
,3,0.14174,131,72,4900000636,1,1,23184,322,1200000281,0,0,3672,51,0.023,0.030,0.019,0.025,nonorganic
,3,0.14174,132,72,4900000636,1,1,27864,387,1200000281,0,0,3240,45,0.022,0.028,0.018,0.022,nonorganic
,3,0.14174,133,72,4900000636,1,1,32832,456,1200000281,0,0,720,10,0.022,0.030,0.018,0.025,nonorganic
,3,0.14174,134,72,4900000636,0,0,2736,38,1200000281,1,1,30384,422,0.028,0.023,0.023,0.019,nonorganic
,3,0.14174,135,72,4900000636,1,1,28872,401,1200000281,0,0,6768,94,0.022,0.030,0.018,0.025,nonorganic
,3,0.14174,136,72,4900000636,0,0,2016,28,1200000281,1,1,60984,847,0.030,0.023,0.025,0.019,nonorganic
,3,0.14174,137,72,4900000636,0,0,2736,38,1200000281,0,0,1224,17,0.030,0.030,0.025,0.025,nonorganic
,3,0.14174,138,72,4900000636,0,0,2232,31,1200000281,0,0,1080,15,0.030,0.030,0.025,0.024,nonorganic
,3,0.14174,139,72,4900000636,1,1,25416,353,1200000281,0,0,1584,22,0.022,0.030,0.018,0.024,nonorganic
,3,0.14174,140,72,4900000636,0,0,2016,28,1200000281,1,0,17640,245,0.030,0.023,0.025,0.019,nonorganic
,3,0.14174,141,72,4900000636,0,0,2736,38,1200000281,0,1,8064,112,0.028,0.028,0.023,0.022,nonorganic
,3,0.14174,142,72,4900000636,0,0,2520,35,1200000281,0,0,3600,50,0.028,0.028,0.023,0.022,nonorganic
,3,0.14174,143,72,4900000636,0,1,3096,43,1200000281,0,0,4536,63,0.028,0.028,0.023,0.022,nonorganic
,3,0.14174,144,72,4900000636,0,0,2520,35,1200000281,0,1,14904,207,0.030,0.039,0.025,0.031,nonorganic
,3,0.14174,145,72,4900000636,0,0,1944,27,1200000281,0,0,1296,18,0.030,0.030,0.025,0.025,nonorganic
,3,0.14174,146,72,4900000636,0,0,2664,37,1200000281,0,0,1080,15,0.030,0.030,0.025,0.025,nonorganic
,3,0.14174,147,72,4900000636,0,0,3024,42,1200000281,0,0,7344,102,0.028,0.030,0.023,0.025,nonorganic
,3,0.14174,148,72,4900000636,0,0,1152,16,1200000281,0,0,2520,35,0.039,0.028,0.032,0.022,nonorganic
,3,0.14174,149,72,4900000636,0,0,2232,31,1200000281,0,0,576,8,0.030,0.030,0.025,0.025,nonorganic
,3,0.14174,150,72,4900000636,1,1,28440,395,1200000281,0,0,1152,16,0.022,0.028,0.018,0.022,nonorganic
,3,0.14174,151,72,4900000636,0,0,2448,34,1200000281,0,0,7488,104,0.030,0.030,0.025,0.024,nonorganic
,3,0.14174,152,72,4900000636,0,0,2376,33,1200000281,0,0,864,12,0.030,0.028,0.025,0.022,nonorganic
,4,0.35457,101,72,4900000057,0,0,2160,30,1200000044,0,0,864,12,0.030,0.028,0.025,0.022,organic
,4,0.35457,102,72,4900000057,0,1,6480,90,1200000044,0,0,720,10,0.030,0.030,0.025,0.025,organic
,4,0.35457,103,72,4900000057,1,1,37368,519,1200000044,0,0,3240,45,0.021,0.030,0.017,0.025,organic
,4,0.35457,104,72,4900000057,0,0,1944,27,1200000044,0,0,5328,74,0.030,0.028,0.025,0.022,organic
,4,0.35457,105,72,4900000057,0,0,2376,33,1200000044,0,0,7488,104,0.030,0.030,0.025,0.025,organic
,4,0.35457,106,72,4900000057,1,0,13608,189,1200000044,0,0,5112,71,0.025,0.030,0.021,0.025,organic
,4,0.35457,107,72,4900000057,0,0,2664,37,1200000044,0,0,936,13,0.028,0.030,0.023,0.025,organic
,4,0.35457,108,72,4900000057,1,1,29592,411,1200000044,0,1,14112,196,0.022,0.030,0.018,0.024,organic
,4,0.35457,109,72,4900000057,0,0,2736,38,1200000044,0,0,288,4,0.030,0.030,0.025,0.025,organic
,4,0.35457,110,72,4900000057,0,0,2448,34,1200000044,0,0,936,13,0.030,0.030,0.025,0.025,organic
,4,0.35457,111,72,4900000057,0,0,1152,16,1200000044,0,0,3168,44,0.039,0.030,0.032,0.025,organic
,4,0.35457,112,72,4900000057,0,0,2376,33,1200000044,1,1,51696,718,0.028,0.021,0.023,0.017,organic
,4,0.35457,113,72,4900000057,0,0,2736,38,1200000044,0,0,3384,47,0.028,0.030,0.023,0.025,organic
,4,0.35457,114,72,4900000057,0,0,2304,32,1200000044,0,0,1152,16,0.030,0.028,0.025,0.022,organic
,4,0.35457,115,72,4900000057,0,1,8280,115,1200000044,0,0,1080,15,0.030,0.030,0.025,0.024,organic
,4,0.35457,116,72,4900000057,0,1,6984,97,1200000044,0,0,3888,54,0.030,0.030,0.025,0.024,organic
,4,0.35457,117,72,4900000057,0,0,2088,29,1200000044,0,0,2592,36,0.030,0.030,0.025,0.025,organic
,4,0.35457,118,72,4900000057,1,1,32184,447,1200000044,0,0,1800,25,0.022,0.030,0.018,0.025,organic
,4,0.35457,119,72,4900000057,0,0,2520,35,1200000044,0,0,1368,19,0.030,0.030,0.025,0.025,organic
,4,0.35457,120,72,4900000057,0,0,2232,31,1200000044,0,0,2520,35,0.030,0.030,0.025,0.025,organic
,4,0.35457,121,72,4900000057,0,0,2592,36,1200000044,0,0,936,13,0.030,0.030,0.025,0.025,organic
,4,0.35457,122,72,4900000057,0,0,2016,28,1200000044,0,0,1224,17,0.030,0.028,0.025,0.022,organic
,4,0.35457,123,72,4900000057,0,0,2952,41,1200000044,0,0,6480,90,0.030,0.030,0.025,0.025,organic
,4,0.35457,124,72,4900000057,0,1,5760,80,1200000044,1,1,25416,353,0.030,0.023,0.025,0.019,organic
,4,0.35457,125,72,4900000057,0,0,2736,38,1200000044,0,1,11088,154,0.028,0.030,0.023,0.025,organic
,4,0.35457,126,72,4900000057,0,0,1944,27,1200000044,0,0,1224,17,0.030,0.030,0.025,0.025,organic
,4,0.35457,127,72,4900000057,0,0,2808,39,1200000044,0,0,2016,28,0.028,0.030,0.023,0.024,organic
,4,0.35457,128,72,4900000057,0,0,2304,32,1200000044,1,0,19008,264,0.030,0.023,0.025,0.019,organic
,4,0.35457,129,72,4900000057,0,0,2448,34,1200000044,0,0,2592,36,0.030,0.030,0.025,0.025,organic
,4,0.35457,130,72,4900000057,1,1,19944,277,1200000044,1,1,23760,330,0.023,0.023,0.019,0.019,organic
,4,0.35457,131,72,4900000057,1,1,31752,441,1200000044,0,0,1584,22,0.022,0.028,0.018,0.022,organic
,4,0.35457,132,72,4900000057,0,0,2448,34,1200000044,0,1,14472,201,0.030,0.030,0.025,0.025,organic
,4,0.35457,133,72,4900000057,0,1,3384,47,1200000044,0,0,1944,27,0.028,0.039,0.023,0.031,organic
,4,0.35457,134,72,4900000057,0,0,2448,34,1200000044,0,1,11808,164,0.030,0.030,0.025,0.025,organic
,4,0.35457,135,72,4900000057,0,0,2304,32,1200000044,1,0,10008,139,0.028,0.023,0.023,0.019,organic
,4,0.35457,136,72,4900000057,0,0,2520,35,1200000044,0,0,3672,51,0.030,0.028,0.025,0.022,organic
,4,0.35457,137,72,4900000057,0,0,2016,28,1200000044,0,1,14400,200,0.030,0.028,0.025,0.022,organic
,4,0.35457,138,72,4900000057,0,0,2592,36,1200000044,0,0,1584,22,0.030,0.028,0.025,0.022,organic
,4,0.35457,139,72,4900000057,1,1,20376,283,1200000044,1,1,46872,651,0.022,0.021,0.018,0.017,organic
,4,0.35457,140,72,4900000057,0,0,2448,34,1200000044,1,0,11664,162,0.028,0.023,0.023,0.019,organic
,4,0.35457,141,72,4900000057,0,0,2736,38,1200000044,1,0,15120,210,0.028,0.023,0.023,0.019,organic
,4,0.35457,142,72,4900000057,0,1,3384,47,1200000044,0,0,432,6,0.030,0.039,0.025,0.031,organic
,4,0.35457,143,72,4900000057,0,0,2160,30,1200000044,0,1,10008,139,0.030,0.028,0.025,0.022,organic
,4,0.35457,144,72,4900000057,0,0,2880,40,1200000044,0,0,5472,76,0.028,0.030,0.023,0.025,organic
,4,0.35457,145,72,4900000057,0,1,3384,47,1200000044,0,0,432,6,0.028,0.030,0.023,0.025,organic
,4,0.35457,146,72,4900000057,0,0,2664,37,1200000044,0,1,7776,108,0.028,0.030,0.023,0.025,organic
,4,0.35457,147,72,4900000057,0,0,2808,39,1200000044,0,0,1872,26,0.030,0.030,0.025,0.025,organic
,4,0.35457,148,72,4900000057,1,1,29736,413,1200000044,0,0,1872,26,0.022,0.039,0.018,0.031,organic
,4,0.35457,149,72,4900000057,0,0,2448,34,1200000044,0,0,1008,14,0.030,0.028,0.025,0.022,organic
,4,0.35457,150,72,4900000057,1,0,15336,213,1200000044,0,0,1872,26,0.025,0.028,0.021,0.022,organic
,4,0.35457,151,72,4900000057,1,1,18576,258,1200000044,0,0,4464,62,0.025,0.030,0.021,0.025,organic
,4,0.35457,152,72,4900000057,0,1,3240,45,1200000044,0,0,216,3,0.030,0.039,0.025,0.031,organic
,4,0.35457,101,72,4900000636,0,0,2088,29,1200000281,0,0,2088,29,0.030,0.028,0.025,0.022,nonorganic
,4,0.35457,102,72,4900000636,0,0,2592,36,1200000281,0,0,288,4,0.030,0.039,0.025,0.031,nonorganic
,4,0.35457,103,72,4900000636,0,1,3168,44,1200000281,0,0,792,11,0.028,0.030,0.023,0.025,nonorganic
,4,0.35457,104,72,4900000636,0,0,2952,41,1200000281,0,0,5328,74,0.028,0.028,0.023,0.022,nonorganic
,4,0.35457,105,72,4900000636,0,0,2016,28,1200000281,1,1,33264,462,0.030,0.023,0.025,0.019,nonorganic
,4,0.35457,106,72,4900000636,0,0,2232,31,1200000281,0,0,2592,36,0.030,0.030,0.025,0.025,nonorganic
,4,0.35457,107,72,4900000636,0,0,2448,34,1200000281,0,0,576,8,0.030,0.028,0.025,0.022,nonorganic
,4,0.35457,108,72,4900000636,0,0,2592,36,1200000281,0,1,18648,259,0.030,0.030,0.025,0.024,nonorganic
,4,0.35457,109,72,4900000636,0,0,2304,32,1200000281,0,0,2952,41,0.030,0.030,0.025,0.025,nonorganic
,4,0.35457,110,72,4900000636,0,0,3024,42,1200000281,0,1,9072,126,0.028,0.030,0.023,0.025,nonorganic
,4,0.35457,111,72,4900000636,0,0,2016,28,1200000281,0,0,2232,31,0.030,0.030,0.025,0.025,nonorganic
,4,0.35457,112,72,4900000636,0,0,2016,28,1200000281,1,1,31032,431,0.030,0.023,0.025,0.019,nonorganic
,4,0.35457,113,72,4900000636,0,0,2088,29,1200000281,0,0,2376,33,0.030,0.028,0.025,0.022,nonorganic
,4,0.35457,114,72,4900000636,0,0,2520,35,1200000281,0,0,2520,35,0.030,0.030,0.025,0.024,nonorganic
,4,0.35457,115,72,4900000636,0,0,2664,37,1200000281,1,1,45648,634,0.028,0.021,0.023,0.017,nonorganic
,4,0.35457,116,72,4900000636,0,0,2376,33,1200000281,0,0,360,5,0.030,0.030,0.025,0.025,nonorganic
,4,0.35457,117,72,4900000636,0,0,2952,41,1200000281,0,0,1224,17,0.028,0.030,0.023,0.024,nonorganic
,4,0.35457,118,72,4900000636,0,0,2376,33,1200000281,0,1,11952,166,0.030,0.028,0.025,0.022,nonorganic
,4,0.35457,119,72,4900000636,0,0,2232,31,1200000281,0,0,2736,38,0.030,0.030,0.025,0.025,nonorganic
,4,0.35457,120,72,4900000636,0,0,2520,35,1200000281,0,0,1872,26,0.028,0.028,0.023,0.022,nonorganic
,4,0.35457,121,72,4900000636,0,0,2736,38,1200000281,0,0,1224,17,0.028,0.030,0.023,0.025,nonorganic
,4,0.35457,122,72,4900000636,0,0,2952,41,1200000281,0,0,720,10,0.028,0.030,0.023,0.025,nonorganic
,4,0.35457,123,72,4900000636,0,0,2304,32,1200000281,0,1,8496,118,0.030,0.030,0.025,0.024,nonorganic
,4,0.35457,124,72,4900000636,0,0,2664,37,1200000281,0,1,26712,371,0.030,0.030,0.025,0.025,nonorganic
,4,0.35457,125,72,4900000636,0,0,2304,32,1200000281,0,0,5472,76,0.028,0.030,0.023,0.025,nonorganic
,4,0.35457,126,72,4900000636,0,0,2448,34,1200000281,0,0,2232,31,0.030,0.030,0.025,0.024,nonorganic
,4,0.35457,127,72,4900000636,1,0,10152,141,1200000281,1,1,40392,561,0.025,0.021,0.021,0.017,nonorganic
,4,0.35457,128,72,4900000636,0,0,2808,39,1200000281,0,0,1008,14,0.030,0.030,0.025,0.025,nonorganic
,4,0.35457,129,72,4900000636,0,0,2304,32,1200000281,0,0,2232,31,0.030,0.030,0.025,0.024,nonorganic
,4,0.35457,130,72,4900000636,0,0,2736,38,1200000281,0,0,1800,25,0.030,0.030,0.025,0.025,nonorganic
,4,0.35457,131,72,4900000636,0,0,2736,38,1200000281,0,0,1584,22,0.030,0.030,0.025,0.025,nonorganic
,4,0.35457,132,72,4900000636,0,0,2520,35,1200000281,0,0,5400,75,0.030,0.030,0.025,0.025,nonorganic
,4,0.35457,133,72,4900000636,0,0,2160,30,1200000281,0,0,1728,24,0.030,0.030,0.025,0.025,nonorganic
,4,0.35457,134,72,4900000636,0,1,3096,43,1200000281,0,0,3096,43,0.028,0.030,0.023,0.025,nonorganic
,4,0.35457,135,72,4900000636,0,0,2808,39,1200000281,0,0,5112,71,0.030,0.030,0.025,0.025,nonorganic
,4,0.35457,136,72,4900000636,0,0,2520,35,1200000281,1,0,19224,267,0.028,0.023,0.023,0.019,nonorganic
,4,0.35457,137,72,4900000636,0,0,2016,28,1200000281,1,1,97272,1351,0.030,0.021,0.025,0.017,nonorganic
,4,0.35457,138,72,4900000636,0,0,2520,35,1200000281,0,0,2952,41,0.030,0.030,0.025,0.025,nonorganic
,4,0.35457,139,72,4900000636,0,0,2808,39,1200000281,0,0,504,7,0.030,0.030,0.025,0.025,nonorganic
,4,0.35457,140,72,4900000636,0,0,2160,30,1200000281,1,1,27072,376,0.030,0.023,0.025,0.019,nonorganic
,4,0.35457,141,72,4900000636,0,0,1440,20,1200000281,0,0,2880,40,0.039,0.030,0.032,0.024,nonorganic
,4,0.35457,142,72,4900000636,0,1,3456,48,1200000281,0,0,4464,62,0.028,0.030,0.023,0.024,nonorganic
,4,0.35457,143,72,4900000636,0,0,1800,25,1200000281,1,1,30384,422,0.030,0.021,0.025,0.017,nonorganic
,4,0.35457,144,72,4900000636,0,0,2160,30,1200000281,0,0,2088,29,0.030,0.030,0.025,0.024,nonorganic
,4,0.35457,145,72,4900000636,0,1,3312,46,1200000281,0,0,576,8,0.028,0.028,0.023,0.022,nonorganic
,4,0.35457,146,72,4900000636,0,0,2592,36,1200000281,0,0,504,7,0.030,0.030,0.025,0.025,nonorganic
,4,0.35457,147,72,4900000636,0,0,2592,36,1200000281,0,0,1080,15,0.028,0.030,0.023,0.024,nonorganic
,4,0.35457,148,72,4900000636,0,1,3096,43,1200000281,0,0,2880,40,0.028,0.030,0.023,0.025,nonorganic
,4,0.35457,149,72,4900000636,0,0,2376,33,1200000281,0,0,1296,18,0.030,0.030,0.025,0.025,nonorganic
,4,0.35457,150,72,4900000636,0,0,3024,42,1200000281,0,1,17136,238,0.028,0.030,0.023,0.025,nonorganic
,4,0.35457,151,72,4900000636,0,0,2016,28,1200000281,1,1,71136,988,0.030,0.021,0.025,0.017,nonorganic
,4,0.35457,152,72,4900000636,0,0,2592,36,1200000281,0,0,1872,26,0.030,0.030,0.025,0.025,nonorganic
,5,0.29634,101,72,4900000057,0,0,2736,38,1200000044,1,1,36000,500,0.028,0.021,0.023,0.017,organic
,5,0.29634,102,72,4900000057,1,0,16632,231,1200000044,0,0,648,9,0.025,0.028,0.021,0.022,organic
,5,0.29634,103,72,4900000057,0,0,2016,28,1200000044,1,1,35712,496,0.030,0.021,0.025,0.017,organic
,5,0.29634,104,72,4900000057,0,1,3240,45,1200000044,0,0,1080,15,0.028,0.030,0.023,0.024,organic
,5,0.29634,105,72,4900000057,0,0,2736,38,1200000044,0,0,3672,51,0.030,0.030,0.025,0.025,organic
,5,0.29634,106,72,4900000057,0,0,2808,39,1200000044,0,0,7560,105,0.030,0.028,0.025,0.022,organic
,5,0.29634,107,72,4900000057,0,0,1944,27,1200000044,1,1,34344,477,0.030,0.023,0.025,0.019,organic
,5,0.29634,108,72,4900000057,0,1,3600,50,1200000044,0,0,1080,15,0.030,0.039,0.025,0.031,organic
,5,0.29634,109,72,4900000057,0,0,2160,30,1200000044,1,1,23976,333,0.030,0.023,0.025,0.019,organic
,5,0.29634,110,72,4900000057,0,0,2304,32,1200000044,0,0,2232,31,0.030,0.030,0.025,0.025,organic
,5,0.29634,111,72,4900000057,0,0,2520,35,1200000044,0,0,2808,39,0.030,0.030,0.025,0.025,organic
,5,0.29634,112,72,4900000057,0,1,3600,50,1200000044,0,0,1656,23,0.028,0.030,0.023,0.024,organic
,5,0.29634,113,72,4900000057,1,0,16848,234,1200000044,0,0,1224,17,0.025,0.028,0.021,0.022,organic
,5,0.29634,114,72,4900000057,1,1,24840,345,1200000044,0,0,504,7,0.022,0.030,0.018,0.024,organic
,5,0.29634,115,72,4900000057,0,0,2808,39,1200000044,0,0,5760,80,0.030,0.030,0.025,0.025,organic
,5,0.29634,116,72,4900000057,0,1,3312,46,1200000044,0,0,1440,20,0.028,0.030,0.023,0.024,organic
,5,0.29634,117,72,4900000057,1,1,25992,361,1200000044,0,0,1368,19,0.022,0.030,0.018,0.025,organic
,5,0.29634,118,72,4900000057,0,0,2520,35,1200000044,0,1,25344,352,0.030,0.030,0.025,0.024,organic
,5,0.29634,119,72,4900000057,1,1,26712,371,1200000044,0,0,2520,35,0.022,0.028,0.018,0.022,organic
,5,0.29634,120,72,4900000057,0,0,1656,23,1200000044,1,1,26712,371,0.030,0.023,0.025,0.019,organic
,5,0.29634,121,72,4900000057,0,0,2448,34,1200000044,0,0,4824,67,0.030,0.030,0.025,0.025,organic
,5,0.29634,122,72,4900000057,1,1,27576,383,1200000044,0,0,2664,37,0.022,0.028,0.018,0.022,organic
,5,0.29634,123,72,4900000057,0,0,2160,30,1200000044,0,0,4248,59,0.030,0.030,0.025,0.025,organic
,5,0.29634,124,72,4900000057,0,0,2736,38,1200000044,0,0,936,13,0.028,0.030,0.023,0.024,organic
,5,0.29634,125,72,4900000057,0,1,5184,72,1200000044,0,0,7272,101,0.030,0.028,0.025,0.022,organic
,5,0.29634,126,72,4900000057,0,0,2304,32,1200000044,0,1,12888,179,0.030,0.028,0.025,0.022,organic
,5,0.29634,127,72,4900000057,0,0,2808,39,1200000044,1,1,37872,526,0.028,0.021,0.023,0.017,organic
,5,0.29634,128,72,4900000057,0,0,2232,31,1200000044,1,1,42264,587,0.028,0.021,0.023,0.017,organic
,5,0.29634,129,72,4900000057,0,0,1080,15,1200000044,0,0,1368,19,0.039,0.030,0.032,0.024,organic
,5,0.29634,130,72,4900000057,0,0,2664,37,1200000044,1,1,86256,1198,0.028,0.023,0.023,0.019,organic
,5,0.29634,131,72,4900000057,1,1,26496,368,1200000044,0,0,1872,26,0.022,0.028,0.018,0.022,organic
,5,0.29634,132,72,4900000057,0,0,2088,29,1200000044,1,1,24984,347,0.030,0.021,0.025,0.017,organic
,5,0.29634,133,72,4900000057,0,0,1944,27,1200000044,0,0,1728,24,0.030,0.030,0.025,0.025,organic
,5,0.29634,134,72,4900000057,0,0,2664,37,1200000044,0,0,648,9,0.030,0.030,0.025,0.025,organic
,5,0.29634,135,72,4900000057,1,1,28296,393,1200000044,0,1,18576,258,0.022,0.030,0.018,0.024,organic
,5,0.29634,136,72,4900000057,0,0,2376,33,1200000044,1,1,36720,510,0.028,0.021,0.023,0.017,organic
,5,0.29634,137,72,4900000057,0,0,2808,39,1200000044,0,0,4320,60,0.030,0.039,0.025,0.031,organic
,5,0.29634,138,72,4900000057,1,1,21744,302,1200000044,0,0,360,5,0.023,0.030,0.019,0.025,organic
,5,0.29634,139,72,4900000057,0,0,2376,33,1200000044,1,1,22392,311,0.030,0.023,0.025,0.019,organic
,5,0.29634,140,72,4900000057,0,0,1584,22,1200000044,1,1,51552,716,0.030,0.021,0.025,0.017,organic
,5,0.29634,141,72,4900000057,0,0,2808,39,1200000044,0,1,8208,114,0.028,0.028,0.023,0.022,organic
,5,0.29634,142,72,4900000057,0,1,3384,47,1200000044,0,0,2664,37,0.028,0.030,0.023,0.025,organic
,5,0.29634,143,72,4900000057,0,0,2016,28,1200000044,1,1,21528,299,0.030,0.023,0.025,0.019,organic
,5,0.29634,144,72,4900000057,0,0,2088,29,1200000044,1,1,43848,609,0.030,0.021,0.025,0.017,organic
,5,0.29634,145,72,4900000057,0,0,2376,33,1200000044,0,0,288,4,0.030,0.030,0.025,0.025,organic
,5,0.29634,146,72,4900000057,0,1,3384,47,1200000044,0,0,1800,25,0.028,0.039,0.023,0.031,organic
,5,0.29634,147,72,4900000057,0,0,2808,39,1200000044,0,0,1872,26,0.030,0.039,0.025,0.031,organic
,5,0.29634,148,72,4900000057,0,0,1944,27,1200000044,1,1,62280,865,0.030,0.021,0.025,0.017,organic
,5,0.29634,149,72,4900000057,0,0,1152,16,1200000044,1,1,46008,639,0.039,0.023,0.032,0.019,organic
,5,0.29634,150,72,4900000057,0,0,2448,34,1200000044,0,1,7632,106,0.030,0.030,0.025,0.025,organic
,5,0.29634,151,72,4900000057,1,0,11088,154,1200000044,1,1,22968,319,0.025,0.023,0.021,0.019,organic
,5,0.29634,152,72,4900000057,0,0,2232,31,1200000044,0,0,936,13,0.030,0.030,0.025,0.024,organic
,5,0.29634,101,72,4900000636,0,0,2304,32,1200000281,0,0,7128,99,0.030,0.028,0.025,0.022,nonorganic
,5,0.29634,102,72,4900000636,0,0,2376,33,1200000281,0,1,8424,117,0.030,0.030,0.025,0.024,nonorganic
,5,0.29634,103,72,4900000636,0,1,3312,46,1200000281,0,0,1440,20,0.028,0.030,0.023,0.025,nonorganic
,5,0.29634,104,72,4900000636,1,1,25416,353,1200000281,0,0,1152,16,0.022,0.028,0.018,0.022,nonorganic
,5,0.29634,105,72,4900000636,0,1,3168,44,1200000281,0,0,504,7,0.028,0.028,0.023,0.022,nonorganic
,5,0.29634,106,72,4900000636,0,0,2376,33,1200000281,0,0,936,13,0.030,0.030,0.025,0.025,nonorganic
,5,0.29634,107,72,4900000636,0,0,2376,33,1200000281,0,0,2520,35,0.030,0.030,0.025,0.025,nonorganic
,5,0.29634,108,72,4900000636,1,0,15048,209,1200000281,0,0,1800,25,0.025,0.028,0.021,0.022,nonorganic
,5,0.29634,109,72,4900000636,0,0,2952,41,1200000281,0,0,2880,40,0.028,0.030,0.023,0.025,nonorganic
,5,0.29634,110,72,4900000636,1,1,24480,340,1200000281,1,0,11880,165,0.022,0.023,0.018,0.019,nonorganic
,5,0.29634,111,72,4900000636,0,0,2448,34,1200000281,1,1,28656,398,0.028,0.021,0.023,0.017,nonorganic
,5,0.29634,112,72,4900000636,0,0,2448,34,1200000281,0,0,5544,77,0.030,0.030,0.025,0.025,nonorganic
,5,0.29634,113,72,4900000636,1,0,16560,230,1200000281,0,0,1440,20,0.025,0.030,0.021,0.024,nonorganic
,5,0.29634,114,72,4900000636,1,1,20376,283,1200000281,0,0,1152,16,0.022,0.030,0.018,0.025,nonorganic
,5,0.29634,115,72,4900000636,0,0,2160,30,1200000281,0,0,288,4,0.030,0.030,0.025,0.025,nonorganic
,5,0.29634,116,72,4900000636,0,1,6408,89,1200000281,0,0,1224,17,0.030,0.030,0.025,0.025,nonorganic
,5,0.29634,117,72,4900000636,0,0,2952,41,1200000281,0,0,2592,36,0.028,0.030,0.023,0.025,nonorganic
,5,0.29634,118,72,4900000636,0,0,2736,38,1200000281,0,0,1296,18,0.030,0.039,0.025,0.031,nonorganic
,5,0.29634,119,72,4900000636,1,0,14760,205,1200000281,0,0,4824,67,0.025,0.030,0.021,0.025,nonorganic
,5,0.29634,120,72,4900000636,0,0,2232,31,1200000281,0,0,2808,39,0.030,0.028,0.025,0.022,nonorganic
,5,0.29634,121,72,4900000636,0,0,2592,36,1200000281,0,0,1800,25,0.030,0.030,0.025,0.025,nonorganic
,5,0.29634,122,72,4900000636,0,0,2952,41,1200000281,0,1,9504,132,0.028,0.030,0.023,0.025,nonorganic
,5,0.29634,123,72,4900000636,1,0,15048,209,1200000281,1,1,15840,220,0.025,0.023,0.021,0.019,nonorganic
,5,0.29634,124,72,4900000636,0,0,2016,28,1200000281,0,0,6984,97,0.030,0.028,0.025,0.022,nonorganic
,5,0.29634,125,72,4900000636,0,1,3168,44,1200000281,0,0,288,4,0.028,0.039,0.023,0.031,nonorganic
,5,0.29634,126,72,4900000636,0,0,1080,15,1200000281,0,0,1656,23,0.039,0.030,0.032,0.025,nonorganic
,5,0.29634,127,72,4900000636,1,1,38952,541,1200000281,0,0,3384,47,0.021,0.030,0.017,0.024,nonorganic
,5,0.29634,128,72,4900000636,0,0,2664,37,1200000281,0,0,1800,25,0.030,0.030,0.025,0.025,nonorganic
,5,0.29634,129,72,4900000636,1,0,11808,164,1200000281,1,1,45936,638,0.025,0.021,0.021,0.017,nonorganic
,5,0.29634,130,72,4900000636,0,0,2736,38,1200000281,0,0,936,13,0.028,0.030,0.023,0.024,nonorganic
,5,0.29634,131,72,4900000636,1,0,14472,201,1200000281,0,0,1512,21,0.025,0.028,0.021,0.022,nonorganic
,5,0.29634,132,72,4900000636,0,0,2088,29,1200000281,0,0,2448,34,0.030,0.028,0.025,0.022,nonorganic
,5,0.29634,133,72,4900000636,0,0,1224,17,1200000281,0,0,3960,55,0.039,0.028,0.032,0.022,nonorganic
,5,0.29634,134,72,4900000636,0,1,3096,43,1200000281,0,0,432,6,0.028,0.039,0.023,0.031,nonorganic
,5,0.29634,135,72,4900000636,1,1,31464,437,1200000281,0,0,7200,100,0.022,0.030,0.018,0.025,nonorganic
,5,0.29634,136,72,4900000636,0,0,2736,38,1200000281,0,0,5112,71,0.028,0.030,0.023,0.025,nonorganic
,5,0.29634,137,72,4900000636,0,0,2808,39,1200000281,0,0,2448,34,0.028,0.028,0.023,0.022,nonorganic
,5,0.29634,138,72,4900000636,0,0,2232,31,1200000281,0,0,4680,65,0.030,0.030,0.025,0.025,nonorganic
,5,0.29634,139,72,4900000636,1,1,30096,418,1200000281,0,0,360,5,0.022,0.030,0.018,0.025,nonorganic
,5,0.29634,140,72,4900000636,0,0,2160,30,1200000281,0,0,1080,15,0.030,0.030,0.025,0.025,nonorganic
,5,0.29634,141,72,4900000636,0,0,2088,29,1200000281,1,1,160992,2236,0.030,0.021,0.025,0.017,nonorganic
,5,0.29634,142,72,4900000636,1,0,14832,206,1200000281,0,0,4752,66,0.025,0.028,0.021,0.022,nonorganic
,5,0.29634,143,72,4900000636,0,1,3312,46,1200000281,0,0,3168,44,0.028,0.030,0.023,0.024,nonorganic
,5,0.29634,144,72,4900000636,0,0,2592,36,1200000281,0,0,648,9,0.030,0.030,0.025,0.025,nonorganic
,5,0.29634,145,72,4900000636,0,0,2016,28,1200000281,1,1,25776,358,0.030,0.021,0.025,0.017,nonorganic
,5,0.29634,146,72,4900000636,0,0,2376,33,1200000281,0,1,22176,308,0.030,0.030,0.025,0.025,nonorganic
,5,0.29634,147,72,4900000636,1,1,25200,350,1200000281,0,0,1800,25,0.022,0.030,0.018,0.025,nonorganic
,5,0.29634,148,72,4900000636,0,0,2160,30,1200000281,0,0,2592,36,0.030,0.039,0.025,0.031,nonorganic
,5,0.29634,149,72,4900000636,0,0,2664,37,1200000281,0,0,360,5,0.030,0.039,0.025,0.031,nonorganic
,5,0.29634,150,72,4900000636,0,0,3024,42,1200000281,0,1,9720,135,0.028,0.030,0.023,0.025,nonorganic
,5,0.29634,151,72,4900000636,0,0,2232,31,1200000281,0,0,1728,24,0.030,0.030,0.025,0.025,nonorganic
,5,0.29634,152,72,4900000636,0,0,2808,39,1200000281,0,0,720,10,0.028,0.028,0.023,0.022,nonorganic
,6,0.21453,101,72,4900000057,0,0,2160,30,1200000044,0,1,7632,106,0.030,0.030,0.025,0.025,organic
,6,0.21453,102,72,4900000057,1,1,21672,301,1200000044,0,0,1296,18,0.022,0.028,0.018,0.022,organic
,6,0.21453,103,72,4900000057,0,0,2448,34,1200000044,0,0,1296,18,0.030,0.030,0.025,0.025,organic
,6,0.21453,104,72,4900000057,0,1,3384,47,1200000044,0,0,576,8,0.028,0.039,0.023,0.031,organic
,6,0.21453,105,72,4900000057,0,0,2880,40,1200000044,0,0,432,6,0.028,0.030,0.023,0.025,organic
,6,0.21453,106,72,4900000057,0,0,2304,32,1200000044,0,1,9072,126,0.030,0.030,0.025,0.025,organic
,6,0.21453,107,72,4900000057,0,1,3096,43,1200000044,0,0,864,12,0.028,0.030,0.023,0.025,organic
,6,0.21453,108,72,4900000057,0,1,3384,47,1200000044,0,1,10224,142,0.028,0.030,0.023,0.025,organic
,6,0.21453,109,72,4900000057,0,1,7920,110,1200000044,0,0,360,5,0.030,0.039,0.025,0.031,organic
,6,0.21453,110,72,4900000057,0,0,2232,31,1200000044,0,0,1512,21,0.030,0.030,0.025,0.025,organic
,6,0.21453,111,72,4900000057,0,0,2880,40,1200000044,0,0,648,9,0.028,0.030,0.023,0.025,organic
,6,0.21453,112,72,4900000057,1,0,13608,189,1200000044,1,1,36000,500,0.025,0.021,0.021,0.017,organic
,6,0.21453,113,72,4900000057,1,1,21240,295,1200000044,0,0,216,3,0.023,0.030,0.019,0.025,organic
,6,0.21453,114,72,4900000057,0,0,2160,30,1200000044,0,1,11088,154,0.030,0.030,0.025,0.025,organic
,6,0.21453,115,72,4900000057,1,0,18000,250,1200000044,0,1,11664,162,0.025,0.028,0.021,0.022,organic
,6,0.21453,116,72,4900000057,0,1,3168,44,1200000044,0,0,2304,32,0.028,0.030,0.023,0.025,organic
,6,0.21453,117,72,4900000057,0,0,1728,24,1200000044,1,0,7560,105,0.030,0.021,0.025,0.017,organic
,6,0.21453,118,72,4900000057,1,1,35928,499,1200000044,0,0,576,8,0.021,0.030,0.017,0.025,organic
,6,0.21453,119,72,4900000057,0,0,2736,38,1200000044,0,0,4032,56,0.028,0.028,0.023,0.022,organic
,6,0.21453,120,72,4900000057,0,0,2088,29,1200000044,0,0,6048,84,0.030,0.030,0.025,0.025,organic
,6,0.21453,121,72,4900000057,0,0,2664,37,1200000044,0,1,16056,223,0.030,0.030,0.025,0.025,organic
,6,0.21453,122,72,4900000057,0,0,1872,26,1200000044,1,0,9936,138,0.030,0.023,0.025,0.019,organic
,6,0.21453,123,72,4900000057,1,1,32472,451,1200000044,0,0,504,7,0.023,0.039,0.019,0.031,organic
,6,0.21453,124,72,4900000057,0,0,2376,33,1200000044,0,0,2160,30,0.030,0.030,0.025,0.025,organic
,6,0.21453,125,72,4900000057,1,1,32400,450,1200000044,0,0,4032,56,0.021,0.030,0.017,0.025,organic
,6,0.21453,126,72,4900000057,1,1,28584,397,1200000044,0,0,4104,57,0.022,0.028,0.018,0.022,organic
,6,0.21453,127,72,4900000057,0,0,2664,37,1200000044,0,0,864,12,0.030,0.030,0.025,0.025,organic
,6,0.21453,128,72,4900000057,0,0,2664,37,1200000044,0,0,1296,18,0.030,0.030,0.025,0.025,organic
,6,0.21453,129,72,4900000057,1,0,15696,218,1200000044,0,0,4968,69,0.025,0.030,0.021,0.025,organic
,6,0.21453,130,72,4900000057,0,0,2232,31,1200000044,1,1,40752,566,0.030,0.021,0.025,0.017,organic
,6,0.21453,131,72,4900000057,0,0,2448,34,1200000044,0,0,5328,74,0.030,0.030,0.025,0.025,organic
,6,0.21453,132,72,4900000057,1,1,43632,606,1200000044,0,0,3456,48,0.021,0.030,0.017,0.025,organic
,6,0.21453,133,72,4900000057,1,1,27360,380,1200000044,0,0,576,8,0.022,0.030,0.018,0.024,organic
,6,0.21453,134,72,4900000057,0,0,2808,39,1200000044,0,0,5544,77,0.028,0.030,0.023,0.024,organic
,6,0.21453,135,72,4900000057,0,1,3096,43,1200000044,0,0,3888,54,0.028,0.030,0.023,0.024,organic
,6,0.21453,136,72,4900000057,1,1,27000,375,1200000044,0,0,648,9,0.022,0.030,0.018,0.025,organic
,6,0.21453,137,72,4900000057,0,0,2232,31,1200000044,0,0,576,8,0.030,0.030,0.025,0.025,organic
,6,0.21453,138,72,4900000057,1,1,25920,360,1200000044,0,0,5184,72,0.022,0.028,0.018,0.022,organic
,6,0.21453,139,72,4900000057,0,0,2736,38,1200000044,0,0,288,4,0.028,0.039,0.023,0.031,organic
,6,0.21453,140,72,4900000057,1,1,36216,503,1200000044,0,0,2664,37,0.021,0.030,0.017,0.025,organic
,6,0.21453,141,72,4900000057,0,0,1008,14,1200000044,0,0,2952,41,0.039,0.028,0.032,0.022,organic
,6,0.21453,142,72,4900000057,0,0,2088,29,1200000044,0,0,1656,23,0.030,0.028,0.025,0.022,organic
,6,0.21453,143,72,4900000057,0,0,2232,31,1200000044,1,1,34056,473,0.028,0.021,0.023,0.017,organic
,6,0.21453,144,72,4900000057,0,0,2016,28,1200000044,0,0,1224,17,0.030,0.030,0.025,0.025,organic
,6,0.21453,145,72,4900000057,1,1,20088,279,1200000044,1,0,10728,149,0.022,0.023,0.018,0.019,organic
,6,0.21453,146,72,4900000057,0,0,3024,42,1200000044,0,0,5256,73,0.028,0.030,0.023,0.025,organic
,6,0.21453,147,72,4900000057,0,0,2592,36,1200000044,0,0,1008,14,0.030,0.030,0.025,0.025,organic
,6,0.21453,148,72,4900000057,0,0,2952,41,1200000044,0,0,1944,27,0.028,0.030,0.023,0.025,organic
,6,0.21453,149,72,4900000057,0,0,1872,26,1200000044,0,0,1800,25,0.030,0.030,0.025,0.025,organic
,6,0.21453,150,72,4900000057,1,1,29160,405,1200000044,0,0,792,11,0.022,0.030,0.018,0.025,organic
,6,0.21453,151,72,4900000057,1,1,22032,306,1200000044,1,1,23976,333,0.022,0.023,0.018,0.019,organic
,6,0.21453,152,72,4900000057,0,0,2592,36,1200000044,0,0,5040,70,0.030,0.039,0.025,0.031,organic
,6,0.21453,101,72,4900000636,0,0,2664,37,1200000281,0,0,1512,21,0.030,0.030,0.025,0.025,nonorganic
,6,0.21453,102,72,4900000636,0,0,1872,26,1200000281,1,1,45288,629,0.030,0.023,0.025,0.019,nonorganic
,6,0.21453,103,72,4900000636,0,0,2232,31,1200000281,1,0,8424,117,0.030,0.023,0.025,0.019,nonorganic
,6,0.21453,104,72,4900000636,1,1,40896,568,1200000281,0,0,2016,28,0.021,0.030,0.017,0.025,nonorganic
,6,0.21453,105,72,4900000636,0,1,3888,54,1200000281,0,0,1440,20,0.028,0.039,0.023,0.031,nonorganic
,6,0.21453,106,72,4900000636,0,0,2160,30,1200000281,0,0,1512,21,0.030,0.028,0.025,0.022,nonorganic
,6,0.21453,107,72,4900000636,0,0,2880,40,1200000281,0,0,4176,58,0.028,0.030,0.023,0.024,nonorganic
,6,0.21453,108,72,4900000636,0,0,2664,37,1200000281,0,0,1728,24,0.028,0.030,0.023,0.025,nonorganic
,6,0.21453,109,72,4900000636,0,1,7344,102,1200000281,0,0,5112,71,0.030,0.028,0.025,0.022,nonorganic
,6,0.21453,110,72,4900000636,0,0,1152,16,1200000281,1,1,41976,583,0.039,0.023,0.032,0.019,nonorganic
,6,0.21453,111,72,4900000636,0,0,1872,26,1200000281,1,1,22824,317,0.030,0.021,0.025,0.017,nonorganic
,6,0.21453,112,72,4900000636,0,0,2376,33,1200000281,1,0,19584,272,0.028,0.023,0.023,0.019,nonorganic
,6,0.21453,113,72,4900000636,0,0,2160,30,1200000281,0,0,360,5,0.030,0.030,0.025,0.025,nonorganic
,6,0.21453,114,72,4900000636,0,0,2448,34,1200000281,0,0,792,11,0.030,0.030,0.025,0.025,nonorganic
,6,0.21453,115,72,4900000636,1,0,14112,196,1200000281,0,0,1080,15,0.025,0.030,0.021,0.025,nonorganic
,6,0.21453,116,72,4900000636,1,0,16632,231,1200000281,1,1,45936,638,0.022,0.023,0.018,0.019,nonorganic
,6,0.21453,117,72,4900000636,0,1,3816,53,1200000281,0,0,4680,65,0.028,0.039,0.023,0.031,nonorganic
,6,0.21453,118,72,4900000636,0,1,3240,45,1200000281,0,0,3600,50,0.028,0.028,0.023,0.022,nonorganic
,6,0.21453,119,72,4900000636,0,1,3312,46,1200000281,0,0,2592,36,0.028,0.039,0.023,0.031,nonorganic
,6,0.21453,120,72,4900000636,0,1,3240,45,1200000281,0,0,648,9,0.028,0.030,0.023,0.025,nonorganic
,6,0.21453,121,72,4900000636,0,0,2016,28,1200000281,0,0,648,9,0.030,0.030,0.025,0.025,nonorganic
,6,0.21453,122,72,4900000636,0,0,2376,33,1200000281,0,0,1800,25,0.030,0.030,0.025,0.025,nonorganic
,6,0.21453,123,72,4900000636,0,0,2160,30,1200000281,0,0,936,13,0.030,0.039,0.025,0.031,nonorganic
,6,0.21453,124,72,4900000636,0,0,1944,27,1200000281,0,1,8352,116,0.030,0.028,0.025,0.022,nonorganic
,6,0.21453,125,72,4900000636,0,0,1800,25,1200000281,1,1,14688,204,0.030,0.023,0.025,0.019,nonorganic
,6,0.21453,126,72,4900000636,0,0,2160,30,1200000281,0,0,6264,87,0.030,0.030,0.025,0.025,nonorganic
,6,0.21453,127,72,4900000636,0,0,2232,31,1200000281,0,0,1728,24,0.030,0.030,0.025,0.025,nonorganic
,6,0.21453,128,72,4900000636,0,0,1944,27,1200000281,0,0,5040,70,0.030,0.028,0.025,0.022,nonorganic
,6,0.21453,129,72,4900000636,0,0,2808,39,1200000281,0,0,5904,82,0.030,0.030,0.025,0.025,nonorganic
,6,0.21453,130,72,4900000636,0,0,2880,40,1200000281,0,0,1080,15,0.028,0.030,0.023,0.024,nonorganic
,6,0.21453,131,72,4900000636,0,0,2088,29,1200000281,1,1,37152,516,0.030,0.023,0.025,0.019,nonorganic
,6,0.21453,132,72,4900000636,0,1,8064,112,1200000281,0,0,1152,16,0.030,0.030,0.025,0.025,nonorganic
,6,0.21453,133,72,4900000636,0,0,2088,29,1200000281,0,0,1800,25,0.030,0.030,0.025,0.024,nonorganic
,6,0.21453,134,72,4900000636,1,1,25560,355,1200000281,0,0,1512,21,0.022,0.028,0.018,0.022,nonorganic
,6,0.21453,135,72,4900000636,0,0,1224,17,1200000281,0,0,4320,60,0.039,0.030,0.032,0.025,nonorganic
,6,0.21453,136,72,4900000636,1,1,27504,382,1200000281,0,0,4896,68,0.022,0.030,0.018,0.024,nonorganic
,6,0.21453,137,72,4900000636,0,0,1944,27,1200000281,0,0,432,6,0.030,0.030,0.025,0.025,nonorganic
,6,0.21453,138,72,4900000636,0,1,3168,44,1200000281,0,0,3528,49,0.028,0.039,0.023,0.031,nonorganic
,6,0.21453,139,72,4900000636,0,1,3168,44,1200000281,0,1,14904,207,0.028,0.030,0.023,0.025,nonorganic
,6,0.21453,140,72,4900000636,0,0,2664,37,1200000281,1,1,49968,694,0.028,0.021,0.023,0.017,nonorganic
,6,0.21453,141,72,4900000636,0,1,6264,87,1200000281,0,0,2520,35,0.030,0.030,0.025,0.024,nonorganic
,6,0.21453,142,72,4900000636,0,0,2088,29,1200000281,1,1,41256,573,0.030,0.023,0.025,0.019,nonorganic
,6,0.21453,143,72,4900000636,0,0,2376,33,1200000281,1,0,14904,207,0.028,0.023,0.023,0.019,nonorganic
,6,0.21453,144,72,4900000636,0,0,2232,31,1200000281,0,0,648,9,0.030,0.030,0.025,0.025,nonorganic
,6,0.21453,145,72,4900000636,0,0,2664,37,1200000281,0,0,2304,32,0.030,0.030,0.025,0.025,nonorganic
,6,0.21453,146,72,4900000636,0,1,3888,54,1200000281,0,0,4680,65,0.028,0.039,0.023,0.031,nonorganic
,6,0.21453,147,72,4900000636,0,1,8784,122,1200000281,0,0,2664,37,0.030,0.030,0.025,0.025,nonorganic
,6,0.21453,148,72,4900000636,0,1,3096,43,1200000281,0,1,7704,107,0.028,0.030,0.023,0.025,nonorganic
,6,0.21453,149,72,4900000636,0,1,3096,43,1200000281,0,0,6696,93,0.028,0.030,0.023,0.024,nonorganic
,6,0.21453,150,72,4900000636,0,0,1872,26,1200000281,0,0,3312,46,0.030,0.030,0.025,0.025,nonorganic
,6,0.21453,151,72,4900000636,1,0,18072,251,1200000281,0,0,4608,64,0.025,0.030,0.021,0.025,nonorganic
,6,0.21453,152,72,4900000636,0,0,2520,35,1200000281,0,0,1080,15,0.030,0.030,0.025,0.025,nonorganic
,7,0.25259,101,72,4900000057,0,1,3528,49,1200000044,0,0,288,4,0.028,0.039,0.023,0.031,organic
,7,0.25259,102,72,4900000057,0,1,7128,99,1200000044,0,0,936,13,0.030,0.030,0.025,0.025,organic
,7,0.25259,103,72,4900000057,0,0,2016,28,1200000044,1,1,21600,300,0.030,0.021,0.025,0.017,organic
,7,0.25259,104,72,4900000057,1,1,23184,322,1200000044,0,0,2088,29,0.022,0.028,0.018,0.022,organic
,7,0.25259,105,72,4900000057,0,1,6120,85,1200000044,0,0,2592,36,0.030,0.028,0.025,0.022,organic
,7,0.25259,106,72,4900000057,0,0,2088,29,1200000044,0,0,864,12,0.030,0.030,0.025,0.024,organic
,7,0.25259,107,72,4900000057,0,0,1728,24,1200000044,1,0,11376,158,0.030,0.021,0.025,0.017,organic
,7,0.25259,108,72,4900000057,1,1,22536,313,1200000044,0,0,2952,41,0.022,0.028,0.018,0.022,organic
,7,0.25259,109,72,4900000057,0,0,2016,28,1200000044,1,1,35784,497,0.030,0.023,0.025,0.019,organic
,7,0.25259,110,72,4900000057,1,1,21816,303,1200000044,1,1,25488,354,0.022,0.021,0.018,0.017,organic
,7,0.25259,111,72,4900000057,0,0,2736,38,1200000044,0,0,720,10,0.028,0.028,0.023,0.022,organic
,7,0.25259,112,72,4900000057,0,0,2160,30,1200000044,1,0,9936,138,0.030,0.023,0.025,0.019,organic
,7,0.25259,113,72,4900000057,0,0,2952,41,1200000044,0,0,288,4,0.030,0.030,0.025,0.025,organic
,7,0.25259,114,72,4900000057,0,0,2448,34,1200000044,0,0,4104,57,0.030,0.030,0.025,0.025,organic
,7,0.25259,115,72,4900000057,0,1,3096,43,1200000044,0,0,1584,22,0.028,0.030,0.023,0.025,organic
,7,0.25259,116,72,4900000057,0,0,2304,32,1200000044,0,0,3456,48,0.030,0.030,0.025,0.025,organic
,7,0.25259,117,72,4900000057,0,0,2952,41,1200000044,0,0,432,6,0.028,0.028,0.023,0.022,organic
,7,0.25259,118,72,4900000057,1,1,23832,331,1200000044,0,0,4536,63,0.022,0.028,0.018,0.022,organic
,7,0.25259,119,72,4900000057,0,0,1800,25,1200000044,0,1,9720,135,0.030,0.028,0.025,0.022,organic
,7,0.25259,120,72,4900000057,0,0,2736,38,1200000044,0,0,216,3,0.030,0.039,0.025,0.031,organic
,7,0.25259,121,72,4900000057,0,0,2088,29,1200000044,0,0,1368,19,0.030,0.030,0.025,0.025,organic
,7,0.25259,122,72,4900000057,0,1,3600,50,1200000044,0,0,864,12,0.028,0.030,0.023,0.025,organic
,7,0.25259,123,72,4900000057,1,1,34776,483,1200000044,0,0,2880,40,0.021,0.028,0.017,0.022,organic
,7,0.25259,124,72,4900000057,0,0,1080,15,1200000044,0,0,2376,33,0.039,0.030,0.032,0.025,organic
,7,0.25259,125,72,4900000057,0,0,2880,40,1200000044,0,0,2520,35,0.028,0.030,0.023,0.025,organic
,7,0.25259,126,72,4900000057,0,0,2232,31,1200000044,0,1,17136,238,0.030,0.028,0.025,0.022,organic
,7,0.25259,127,72,4900000057,0,0,3024,42,1200000044,0,0,1440,20,0.028,0.030,0.023,0.024,organic
,7,0.25259,128,72,4900000057,0,0,2736,38,1200000044,0,0,1368,19,0.028,0.028,0.023,0.022,organic
,7,0.25259,129,72,4900000057,0,0,2592,36,1200000044,0,0,1080,15,0.028,0.030,0.023,0.025,organic
,7,0.25259,130,72,4900000057,0,0,2592,36,1200000044,0,0,4104,57,0.030,0.030,0.025,0.025,organic
,7,0.25259,131,72,4900000057,0,0,3024,42,1200000044,0,1,7920,110,0.028,0.030,0.023,0.025,organic
,7,0.25259,132,72,4900000057,0,0,2880,40,1200000044,0,0,288,4,0.030,0.039,0.025,0.031,organic
,7,0.25259,133,72,4900000057,1,1,36936,513,1200000044,0,0,864,12,0.021,0.030,0.017,0.024,organic
,7,0.25259,134,72,4900000057,0,0,2088,29,1200000044,1,1,50976,708,0.030,0.021,0.025,0.017,organic
,7,0.25259,135,72,4900000057,0,0,2304,32,1200000044,1,1,43992,611,0.030,0.021,0.025,0.017,organic
,7,0.25259,136,72,4900000057,1,1,29160,405,1200000044,0,1,13032,181,0.023,0.030,0.019,0.025,organic
,7,0.25259,137,72,4900000057,1,0,16200,225,1200000044,0,0,3384,47,0.025,0.030,0.021,0.025,organic
,7,0.25259,138,72,4900000057,0,0,2520,35,1200000044,0,0,6048,84,0.030,0.030,0.025,0.025,organic
,7,0.25259,139,72,4900000057,1,1,24480,340,1200000044,0,0,2232,31,0.022,0.030,0.018,0.024,organic
,7,0.25259,140,72,4900000057,1,1,39384,547,1200000044,0,0,4608,64,0.021,0.030,0.017,0.024,organic
,7,0.25259,141,72,4900000057,1,1,26928,374,1200000044,1,1,24624,342,0.021,0.021,0.017,0.017,organic
,7,0.25259,142,72,4900000057,0,0,2304,32,1200000044,0,1,11160,155,0.030,0.030,0.025,0.025,organic
,7,0.25259,143,72,4900000057,0,1,3096,43,1200000044,0,0,1152,16,0.028,0.030,0.023,0.025,organic
,7,0.25259,144,72,4900000057,1,1,28080,390,1200000044,0,0,4680,65,0.023,0.030,0.019,0.025,organic
,7,0.25259,145,72,4900000057,0,0,2016,28,1200000044,1,1,40392,561,0.030,0.021,0.025,0.017,organic
,7,0.25259,146,72,4900000057,0,0,2088,29,1200000044,0,0,3312,46,0.030,0.028,0.025,0.022,organic
,7,0.25259,147,72,4900000057,1,1,19008,264,1200000044,0,0,1224,17,0.025,0.030,0.021,0.024,organic
,7,0.25259,148,72,4900000057,0,0,2592,36,1200000044,0,0,1008,14,0.030,0.030,0.025,0.025,organic
,7,0.25259,149,72,4900000057,0,0,2160,30,1200000044,0,0,4608,64,0.030,0.030,0.025,0.025,organic
,7,0.25259,150,72,4900000057,0,0,2376,33,1200000044,0,0,3816,53,0.030,0.028,0.025,0.022,organic
,7,0.25259,151,72,4900000057,0,1,3168,44,1200000044,0,0,2304,32,0.028,0.030,0.023,0.025,organic
,7,0.25259,152,72,4900000057,0,0,2880,40,1200000044,0,0,432,6,0.030,0.039,0.025,0.031,organic
,7,0.25259,101,72,4900000636,0,0,2520,35,1200000281,0,0,1944,27,0.030,0.028,0.025,0.022,nonorganic
,7,0.25259,102,72,4900000636,0,0,2376,33,1200000281,0,1,8712,121,0.030,0.030,0.025,0.025,nonorganic
,7,0.25259,103,72,4900000636,0,0,2736,38,1200000281,0,0,4536,63,0.028,0.028,0.023,0.022,nonorganic
,7,0.25259,104,72,4900000636,0,0,2592,36,1200000281,1,1,24120,335,0.030,0.021,0.025,0.017,nonorganic
,7,0.25259,105,72,4900000636,0,0,3024,42,1200000281,0,0,4464,62,0.028,0.030,0.023,0.025,nonorganic
,7,0.25259,106,72,4900000636,0,0,2520,35,1200000281,1,1,44928,624,0.028,0.021,0.023,0.017,nonorganic
,7,0.25259,107,72,4900000636,0,0,2952,41,1200000281,1,1,23256,323,0.028,0.023,0.023,0.019,nonorganic
,7,0.25259,108,72,4900000636,0,0,2736,38,1200000281,0,0,1224,17,0.030,0.028,0.025,0.022,nonorganic
,7,0.25259,109,72,4900000636,0,0,2664,37,1200000281,0,0,360,5,0.028,0.028,0.023,0.022,nonorganic
,7,0.25259,110,72,4900000636,0,0,1368,19,1200000281,0,0,1224,17,0.039,0.039,0.032,0.031,nonorganic
,7,0.25259,111,72,4900000636,0,1,4536,63,1200000281,1,1,50616,703,0.030,0.021,0.025,0.017,nonorganic
,7,0.25259,112,72,4900000636,0,0,2088,29,1200000281,0,0,6624,92,0.030,0.030,0.025,0.024,nonorganic
,7,0.25259,113,72,4900000636,0,0,2376,33,1200000281,0,0,6048,84,0.030,0.030,0.025,0.024,nonorganic
,7,0.25259,114,72,4900000636,0,0,2376,33,1200000281,0,0,1440,20,0.030,0.030,0.025,0.025,nonorganic
,7,0.25259,115,72,4900000636,0,0,1152,16,1200000281,0,0,1368,19,0.039,0.030,0.032,0.025,nonorganic
,7,0.25259,116,72,4900000636,1,1,26640,370,1200000281,1,1,32832,456,0.022,0.021,0.018,0.017,nonorganic
,7,0.25259,117,72,4900000636,0,0,2448,34,1200000281,0,0,3240,45,0.030,0.030,0.025,0.024,nonorganic
,7,0.25259,118,72,4900000636,0,0,2880,40,1200000281,0,0,1008,14,0.028,0.028,0.023,0.022,nonorganic
,7,0.25259,119,72,4900000636,0,0,1872,26,1200000281,0,0,3960,55,0.030,0.030,0.025,0.025,nonorganic
,7,0.25259,120,72,4900000636,0,0,2592,36,1200000281,0,0,504,7,0.030,0.030,0.025,0.025,nonorganic
,7,0.25259,121,72,4900000636,0,1,3168,44,1200000281,0,1,9360,130,0.028,0.030,0.023,0.025,nonorganic
,7,0.25259,122,72,4900000636,0,0,2376,33,1200000281,0,1,11448,159,0.030,0.030,0.025,0.025,nonorganic
,7,0.25259,123,72,4900000636,0,0,2160,30,1200000281,0,0,1224,17,0.030,0.030,0.025,0.025,nonorganic
,7,0.25259,124,72,4900000636,1,1,22752,316,1200000281,1,0,19368,269,0.022,0.023,0.018,0.019,nonorganic
,7,0.25259,125,72,4900000636,0,0,2952,41,1200000281,0,1,7848,109,0.028,0.030,0.023,0.025,nonorganic
,7,0.25259,126,72,4900000636,0,1,7200,100,1200000281,0,0,4608,64,0.030,0.030,0.025,0.025,nonorganic
,7,0.25259,127,72,4900000636,0,0,2448,34,1200000281,0,0,5688,79,0.030,0.030,0.025,0.025,nonorganic
,7,0.25259,128,72,4900000636,0,0,2304,32,1200000281,0,0,792,11,0.030,0.030,0.025,0.025,nonorganic
,7,0.25259,129,72,4900000636,0,0,2664,37,1200000281,0,1,8640,120,0.030,0.030,0.025,0.024,nonorganic
,7,0.25259,130,72,4900000636,0,0,2520,35,1200000281,0,0,1512,21,0.030,0.030,0.025,0.025,nonorganic
,7,0.25259,131,72,4900000636,0,0,2880,40,1200000281,0,1,7632,106,0.028,0.030,0.023,0.025,nonorganic
,7,0.25259,132,72,4900000636,0,0,2376,33,1200000281,0,0,504,7,0.030,0.030,0.025,0.024,nonorganic
,7,0.25259,133,72,4900000636,0,0,2880,40,1200000281,0,0,1224,17,0.028,0.028,0.023,0.022,nonorganic
,7,0.25259,134,72,4900000636,0,0,2664,37,1200000281,1,0,12168,169,0.028,0.023,0.023,0.019,nonorganic
,7,0.25259,135,72,4900000636,0,0,1008,14,1200000281,0,1,52560,730,0.039,0.030,0.032,0.025,nonorganic
,7,0.25259,136,72,4900000636,1,1,19008,264,1200000281,0,0,3312,46,0.025,0.030,0.021,0.025,nonorganic
,7,0.25259,137,72,4900000636,1,1,30096,418,1200000281,0,0,3888,54,0.022,0.030,0.018,0.025,nonorganic
,7,0.25259,138,72,4900000636,0,1,3312,46,1200000281,0,0,1440,20,0.028,0.030,0.023,0.025,nonorganic
,7,0.25259,139,72,4900000636,0,0,2304,32,1200000281,0,0,2016,28,0.030,0.028,0.025,0.022,nonorganic
,7,0.25259,140,72,4900000636,0,0,2952,41,1200000281,1,1,20016,278,0.028,0.021,0.023,0.017,nonorganic
,7,0.25259,141,72,4900000636,0,0,2448,34,1200000281,0,0,4464,62,0.030,0.030,0.025,0.025,nonorganic
,7,0.25259,142,72,4900000636,0,0,2016,28,1200000281,0,0,1728,24,0.030,0.030,0.025,0.025,nonorganic
,7,0.25259,143,72,4900000636,0,0,2952,41,1200000281,0,0,432,6,0.028,0.030,0.023,0.024,nonorganic
,7,0.25259,144,72,4900000636,0,0,1944,27,1200000281,0,0,2592,36,0.030,0.030,0.025,0.024,nonorganic
,7,0.25259,145,72,4900000636,0,0,3024,42,1200000281,0,0,5760,80,0.028,0.030,0.023,0.024,nonorganic
,7,0.25259,146,72,4900000636,0,1,3240,45,1200000281,0,0,7056,98,0.028,0.028,0.023,0.022,nonorganic
,7,0.25259,147,72,4900000636,0,0,2664,37,1200000281,0,0,1800,25,0.030,0.030,0.025,0.025,nonorganic
,7,0.25259,148,72,4900000636,1,1,27648,384,1200000281,0,1,9936,138,0.022,0.030,0.018,0.025,nonorganic
,7,0.25259,149,72,4900000636,0,0,2160,30,1200000281,0,0,4752,66,0.030,0.028,0.025,0.022,nonorganic
,7,0.25259,150,72,4900000636,1,1,19440,270,1200000281,0,0,2808,39,0.025,0.030,0.021,0.025,nonorganic
,7,0.25259,151,72,4900000636,0,0,2232,31,1200000281,0,1,18432,256,0.030,0.028,0.025,0.022,nonorganic
,7,0.25259,152,72,4900000636,0,0,2160,30,1200000281,0,0,4752,66,0.030,0.028,0.025,0.022,nonorganic
